Issue Name,CPU Usage %,Defense Action,Threat Level,Issue Key,Threat Score,Remediation Steps,Issue Volume,Risk Level,Status,Session Duration in Second,Impact Score,Date Resolved,Memory Usage MB,Assignees,Data Transfer MB,User ID,Timestamps,Issue Response Time Days,KPI/KRI,Issue ID,Category,IP Location,Reporters,Num Files Accessed,Department Affected,Is Anomaly,Cost,Severity,User Location,Date Reported,Login Attempts,Activity Type
Ineffective Access Controls in High-Sensitivity Areas,61.81328635503161,Escalate to SOC & Restrict Critical System Access | Lock Account & Alert | Limit Data Transfer,High,KEY-0801,7.85,Steps to resolve Ineffective Access Controls in High-Sensitivity Areas,1,Critical,Closed,1701,10,2025-02-07 21:43:00.000000,25861.683470926175,Assignee 6,648.0009712104518,User_47,2024-12-18 08:11:00,52,KPI,ISSUE-0801,Control Effectiveness,IN,Reporter 2,70,HR,1,153204.27264975346,Critical,FR,2024-12-17 21:43:00,46.04658482189855,data_modification
Delayed Patching of Critical Vulnerabilities,86.52157826378419,Log Activity for Reference | Limit Data Transfer,Medium,KEY-0802,6.0,Steps to resolve Delayed Patching of Critical Vulnerabilities,1,Critical,Open,1507,10,2026-02-08 22:27:57.042371,25199.621353499337,Assignee 19,596.1779253809465,User_19,2024-12-27 13:29:00,91,KPI,ISSUE-0802,Vulnerability Remediation,AU,Reporter 5,117,C-Suite Executives,1,38426.420522281485,Low,FR,2024-12-26 16:59:00,60.37715326906985,file_access
Sudden Increase in Unfiltered Traffic,65.98964037568675,Escalate to SOC & Restrict Critical System Access | Lock Account & Alert | Limit Data Transfer,High,KEY-0803,7.85,Steps to resolve Sudden Increase in Unfiltered Traffic,1,Critical,Open,2099,10,2026-01-11 22:27:57.042371,33785.39422776515,Assignee 11,1079.9027406483087,User_33,2023-09-06 19:36:00,435,KPI,ISSUE-0803,Network Security,EU,Reporter 6,138,Legal,1,77710.17228293717,Critical,UK,2023-09-06 00:51:00,65.0125566342403,data_modification
High Frequency of Policy Violations,36.57097067706069,Log Activity for Reference | Limit Data Transfer,Medium,KEY-0804,5.55,Steps to resolve High Frequency of Policy Violations,1,Critical,Open,409,10,2026-04-25 22:27:57.042371,9437.841014353302,Assignee 2,111.71094044408417,User_44,2025-04-25 23:50:00,81,KPI,ISSUE-0804,Management Oversight,EU,Reporter 7,69,HR,1,39122.72532060421,Low,IN,2025-04-25 15:48:00,51.68171288987691,data_modification
Newly Discovered Vulnerabilities in Core Systems,67.5204784016759,Restrict User Activity & Monitor Logs | Lock Account & Alert,High,KEY-0805,7.25,Steps to resolve Newly Discovered Vulnerabilities in Core Systems,1,Critical,Resolved,2227,10,2025-07-29 08:25:00.000000,29848.32534147934,Assignee 15,69.90865706810455,User_65,2025-02-08 14:16:00,171,KPI,ISSUE-0805,System Vulnerability,IN,Reporter 8,100,C-Suite Executives,1,77974.818082303,High,UK,2025-02-08 08:25:00,85.0000449229756,file_access
Potential Non-Compliance Detected in Sensitive Data Handling,57.54997714553586,Restrict User Activity & Monitor Logs | Lock Account & Alert | Limit Data Transfer,High,KEY-0806,7.2,Steps to resolve Potential Non-Compliance Detected in Sensitive Data Handling,1,Critical,In Progress,2002,10,2025-12-04 22:27:57.042371,27691.786759168597,Assignee 14,3054.5761716324105,User_7,2023-11-03 22:07:00,110,KRI,ISSUE-0806,Legal Compliance,EU,Reporter 8,65,C-Suite Executives,1,73433.51126182552,High,FR,2023-11-03 17:16:00,40.08780556400711,data_modification
Multiple Unauthorized Access Attempts Detected,56.53527054130975,Escalate to SOC & Restrict Critical System Access | Lock Account & Alert,High,KEY-0807,7.5,Steps to resolve Multiple Unauthorized Access Attempts Detected,1,Critical,Resolved,1561,10,2025-06-16 02:04:00.000000,23571.22947165157,Assignee 18,6.728122241978276,User_3,2024-08-25 01:21:00,296,KPI,ISSUE-0807,Access Control,CN,Reporter 3,40,External Contractors,1,104214.3671153988,Critical,IN,2024-08-24 02:04:00,56.53470000325153,login
Critical Issues Not Detected in Last Penetration Test,63.16741162210569,Restrict User Activity & Monitor Logs | Lock Account & Alert | Limit Data Transfer,High,KEY-0808,7.35,Steps to resolve Critical Issues Not Detected in Last Penetration Test,1,Critical,Open,1918,10,2026-01-30 22:27:57.042371,27391.375353297684,Assignee 10,7573.419250318846,User_80,2023-12-22 23:53:00,64,KPI,ISSUE-0808,Penetration Testing Effectiveness,Unknown,Reporter 7,164,Sales,1,96131.5193262374,High,FR,2023-12-22 03:13:00,81.87393341092246,data_modification
Weak Access Controls on Critical Cloud Resources,77.14802129943422,Restrict User Activity & Monitor Logs | Lock Account & Alert | Limit Data Transfer,High,KEY-0809,7.35,Steps to resolve Weak Access Controls on Critical Cloud Resources,1,Critical,Closed,471,10,2025-02-01 23:41:00.000000,12523.282046087192,Assignee 15,326.0384190505194,User_74,2025-01-09 14:37:00,24,KRI,ISSUE-0809,Cloud Security Posture,IN,Reporter 8,130,HR,1,91904.73170986216,High,USA,2025-01-08 23:41:00,62.27414369369783,file_access
Unanticipated Increase in Risk Exposure,100.0,Restrict User Activity & Monitor Logs | Lock Account & Alert | Limit Data Transfer,High,KEY-0810,7.5,Steps to resolve Unanticipated Increase in Risk Exposure,1,Critical,In Progress,9013,10,2026-01-11 22:27:57.042371,99091.86786622636,Assignee 6,842.6764742678081,User_66,2025-01-19 14:48:00,145,KRI,ISSUE-0810,Risk Exposure,JP,Reporter 7,171,Legal,1,39755.16199977982,High,CANADA,2025-01-19 03:46:00,58.484454483435364,file_access
Unusual Data Transfer Volumes Detected,100.0,Escalate to SOC & Restrict Critical System Access | Lock Account & Alert | Limit Data Transfer,High,KEY-0811,8.0,Steps to resolve Unusual Data Transfer Volumes Detected,1,Critical,In Progress,4493,10,2026-05-04 22:27:57.042371,51062.776414844324,Assignee 1,28364.49791478518,User_87,2025-01-08 18:48:00,166,KRI,ISSUE-0811,Data Breach,IN,Reporter 5,150,Sales,1,439631.6928698927,Critical,CANADA,2025-01-08 03:51:00,64.49872821611206,data_modification
Spike in Unauthorized Access Attempts,88.22510892810527,Escalate to SOC & Restrict Critical System Access | Lock Account & Alert | Limit Data Transfer,High,KEY-0812,8.0,Steps to resolve Spike in Unauthorized Access Attempts,1,Critical,Resolved,4637,10,2024-05-02 06:12:00.000000,53244.343047726514,Assignee 1,1306.7292746498456,User_86,2024-02-05 00:09:00,88,KRI,ISSUE-0812,Unauthorized Access,AU,Reporter 1,168,Sales,1,383760.1288076936,Critical,EU,2024-02-04 06:12:00,97.11062837507478,data_modification
Weak Access Controls on Critical Cloud Resources,100.0,Escalate to SOC & Restrict Critical System Access | Lock Account & Alert | Limit Data Transfer,High,KEY-0813,8.0,Steps to resolve Weak Access Controls on Critical Cloud Resources,1,Critical,Open,8223,10,2026-02-09 22:27:57.042371,90108.56667133613,Assignee 8,466.982502496797,User_67,2023-12-24 23:03:00,101,KRI,ISSUE-0813,Cloud Security Posture,CN,Reporter 3,81,Legal,1,74376.96850626034,Critical,JP,2023-12-24 09:46:00,26.445305829027376,file_access
Unanticipated Increase in Risk Exposure,56.60045792703868,Escalate to SOC & Restrict Critical System Access | Lock Account & Alert | Limit Data Transfer,High,KEY-0814,7.7,Steps to resolve Unanticipated Increase in Risk Exposure,1,Critical,In Progress,5802,10,2025-12-09 22:27:57.042371,64867.69986307745,Assignee 13,320.1789942748623,User_43,2024-03-20 03:50:00,268,KRI,ISSUE-0814,Risk Exposure,IN,Reporter 4,155,HR,1,148667.10536774734,Critical,CN,2024-03-19 05:45:00,66.63933391471,file_access
Newly Discovered Vulnerabilities in Core Systems,74.7421276082125,Routine Monitoring | Limit Data Transfer,Medium,KEY-0815,6.6,Steps to resolve Newly Discovered Vulnerabilities in Core Systems,1,Critical,Open,1593,10,2026-02-08 22:27:57.042371,21386.554205764594,Assignee 12,251.89080552295576,User_84,2023-06-24 12:55:00,189,KPI,ISSUE-0815,System Vulnerability,DE,Reporter 3,33,External Contractors,1,42463.21499313894,Medium,USA,2023-06-24 01:52:00,63.75647283683062,login
Newly Discovered Vulnerabilities in Core Systems,72.63193460209824,Routine Monitoring | Limit Data Transfer,Medium,KEY-0816,6.6,Steps to resolve Newly Discovered Vulnerabilities in Core Systems,1,Critical,Closed,1702,10,2024-04-16 20:41:00.000000,22718.959770807247,Assignee 6,287.45740305774046,User_81,2024-01-11 05:29:00,97,KPI,ISSUE-0816,System Vulnerability,USA,Reporter 4,110,Legal,1,29715.78154615855,Medium,UK,2024-01-10 20:41:00,38.95447734766001,file_access
Lack of Updated Risk Management Procedures,77.00196158948557,Restrict User Activity & Monitor Logs | Lock Account & Alert | Limit Data Transfer,High,KEY-0817,7.35,Steps to resolve Lack of Updated Risk Management Procedures,1,Critical,Closed,137,10,2025-03-01 08:17:00.000000,12352.384058971813,Assignee 1,138.67537879228314,User_97,2024-11-20 17:29:00,101,KPI,ISSUE-0817,Risk Management Maturity,FR,Reporter 2,48,Sales,1,101464.19221399505,High,EU,2024-11-20 08:17:00,87.71658012238363,login
Ineffective Access Controls in High-Sensitivity Areas,53.6778090461062,Restrict User Activity & Monitor Logs | Lock Account & Alert | Limit Data Transfer,High,KEY-0818,7.2,Steps to resolve Ineffective Access Controls in High-Sensitivity Areas,1,Critical,Open,1089,10,2025-12-10 22:27:57.042371,18440.88062798185,Assignee 12,4186.300586229888,User_17,2024-09-21 01:52:00,114,KPI,ISSUE-0818,Control Effectiveness,CANADA,Reporter 3,76,C-Suite Executives,1,84020.11572221553,High,EU,2024-09-20 23:58:00,48.6118826650861,data_modification
Lack of Updated Risk Management Procedures,90.97411560564323,Routine Monitoring | Limit Data Transfer,Medium,KEY-0819,6.75,Steps to resolve Lack of Updated Risk Management Procedures,1,Critical,In Progress,805,10,2025-12-14 22:27:57.042371,15143.297992292855,Assignee 11,928.466050722,User_40,2025-02-27 18:58:00,113,KPI,ISSUE-0819,Risk Management Maturity,DE,Reporter 4,142,Operations,1,21798.018069224054,Medium,AU,2025-02-27 07:16:00,38.963073467157365,data_modification
Supplier Network Breach Exposure,74.16757330288516,Restrict User Activity & Monitor Logs | Lock Account & Alert,High,KEY-0820,7.1499999999999995,Steps to resolve Supplier Network Breach Exposure,1,Critical,In Progress,449,10,2026-02-06 22:27:57.042371,12157.629322539324,Assignee 12,15.368744488396011,User_67,2023-10-25 15:31:00,85,KPI,ISSUE-0820,Procurement Security,AU,Reporter 5,25,Finance,1,98279.15074718065,High,EU,2023-10-25 03:27:00,49.03355244726988,login
Newly Discovered Vulnerabilities in Core Systems,100.0,Restrict User Activity & Monitor Logs | Lock Account & Alert | Limit Data Transfer,High,KEY-0821,7.5,Steps to resolve Newly Discovered Vulnerabilities in Core Systems,1,Critical,Resolved,16000,10,2025-04-07 18:52:00.000000,168725.9294929236,Assignee 16,136.99814041158544,User_5,2024-11-05 02:35:00,154,KPI,ISSUE-0821,System Vulnerability,UK,Reporter 9,155,C-Suite Executives,1,87534.74590682781,High,FR,2024-11-04 18:52:00,82.76715262867708,file_access
Significant Number of Untracked Devices,44.499217129673795,Restrict User Activity & Monitor Logs | Lock Account & Alert,High,KEY-0822,7.0,Steps to resolve Significant Number of Untracked Devices,1,Critical,Closed,1113,10,2024-05-26 17:00:00.000000,20086.130499442206,Assignee 17,48.27544811600073,User_71,2024-04-28 02:01:00,29,KPI,ISSUE-0822,Asset Inventory Accuracy,EU,Reporter 3,39,HR,1,95077.19622006419,High,USA,2024-04-27 17:00:00,82.83740127748074,login
Targeted Phishing Campaign Against Executives,85.01971972547875,Restrict User Activity & Monitor Logs | Lock Account & Alert | Limit Data Transfer,High,KEY-0823,7.5,Steps to resolve Targeted Phishing Campaign Against Executives,1,Critical,Open,1602,10,2026-01-28 22:27:57.042371,24841.30925502961,Assignee 4,2634.156528984198,User_31,2024-12-20 16:50:00,265,KRI,ISSUE-0823,Phishing Attack,CN,Reporter 6,41,Operations,1,33778.68057844751,High,Unknown,2024-12-20 02:13:00,53.12252503890336,login
Delayed Patching of Critical Vulnerabilities,53.61281550462503,Routine Monitoring | Limit Data Transfer,Medium,KEY-0824,6.3,Steps to resolve Delayed Patching of Critical Vulnerabilities,1,Critical,Open,245,10,2026-01-03 22:27:57.042371,8064.5497352717975,Assignee 4,748.5490169047963,User_100,2023-11-19 00:14:00,113,KPI,ISSUE-0824,Vulnerability Remediation,USA,Reporter 1,70,Sales,1,66073.24369396518,Medium,Unknown,2023-11-18 01:03:00,58.34159940417817,data_modification
Unanticipated Increase in Risk Exposure,92.34948259643517,Log Activity for Reference | Limit Data Transfer,Medium,KEY-0825,6.0,Steps to resolve Unanticipated Increase in Risk Exposure,1,Critical,Open,4482,10,2026-03-19 22:27:57.042371,50928.75951136286,Assignee 13,541.2674953298352,User_31,2025-04-24 03:37:00,102,KRI,ISSUE-0825,Risk Exposure,CN,Reporter 9,121,HR,1,43885.40486236803,Low,DE,2025-04-23 23:08:00,80.98065746324644,data_modification
Unusual Data Access from External Locations,86.3602798136975,Restrict User Activity & Monitor Logs | Lock Account & Alert | Limit Data Transfer,High,KEY-0826,7.5,Steps to resolve Unusual Data Access from External Locations,1,Critical,Open,6204,10,2025-12-21 22:27:57.042371,72460.53244442782,Assignee 5,1579.7847222163591,User_12,2023-05-12 13:37:00,274,KRI,ISSUE-0826,Data Leak,JP,Reporter 10,87,IT,1,47260.10981097814,High,AU,2023-05-11 19:39:00,28.558633485846894,data_modification
Targeted Phishing Campaign Against Executives,88.15451461491142,Escalate to SOC & Restrict Critical System Access | Lock Account & Alert,High,KEY-0827,7.8,Steps to resolve Targeted Phishing Campaign Against Executives,1,Critical,Resolved,2343,10,2024-04-10 19:11:00.000000,29830.379218453025,Assignee 5,27.089559790747092,User_4,2023-11-16 12:16:00,147,KRI,ISSUE-0827,Phishing Attack,USA,Reporter 2,163,Finance,1,160853.45630667216,Critical,AU,2023-11-15 19:11:00,75.03298601719594,file_access
Lack of Updated Risk Management Procedures,75.11614992758771,Restrict User Activity & Monitor Logs | Lock Account & Alert | Limit Data Transfer,High,KEY-0828,7.35,Steps to resolve Lack of Updated Risk Management Procedures,1,Critical,Closed,1945,10,2024-05-13 19:38:00.000000,26317.420351648187,Assignee 3,1741.7698888972989,User_2,2023-11-19 07:08:00,177,KPI,ISSUE-0828,Risk Management Maturity,Unknown,Reporter 8,88,Legal,1,51719.97274699601,High,JP,2023-11-18 19:38:00,45.76727839028851,file_access
Newly Discovered Vulnerabilities in Core Systems,64.56490278043205,Restrict User Activity & Monitor Logs | Lock Account & Alert | Limit Data Transfer,High,KEY-0829,7.35,Steps to resolve Newly Discovered Vulnerabilities in Core Systems,1,Critical,In Progress,2187,10,2026-04-07 22:27:57.042371,28465.47868375458,Assignee 7,8918.23048132913,User_60,2024-07-04 22:26:00,108,KPI,ISSUE-0829,System Vulnerability,FR,Reporter 5,124,Legal,1,43028.7447388442,High,Unknown,2024-07-04 00:39:00,47.40721854945173,file_access
Unanticipated Increase in Risk Exposure,72.70157359768302,Restrict User Activity & Monitor Logs | Lock Account & Alert | Limit Data Transfer,High,KEY-0830,7.35,Steps to resolve Unanticipated Increase in Risk Exposure,1,Critical,Resolved,2913,10,2023-12-12 23:51:00.000000,36703.77523566899,Assignee 13,15754.869026792272,User_81,2023-08-12 12:50:00,123,KRI,ISSUE-0830,Risk Exposure,AU,Reporter 10,111,HR,1,92558.00143818575,High,FR,2023-08-11 23:51:00,55.799941928422584,data_modification
Unusual Data Access from External Locations,61.2979415024045,Escalate to SOC & Restrict Critical System Access | Lock Account & Alert,High,KEY-0831,7.35,Steps to resolve Unusual Data Access from External Locations,1,Critical,Resolved,115,10,2026-04-09 11:58:00.000000,5143.7667769982545,Assignee 1,3.238330398863387,User_25,2025-07-27 05:03:00,257,KRI,ISSUE-0831,Data Leak,CANADA,Reporter 1,19,HR,1,155376.28429540826,Critical,CN,2025-07-26 11:58:00,37.61188960656415,login
Weak Access Controls on Critical Cloud Resources,49.72090395303136,Escalate to SOC & Restrict Critical System Access | Lock Account & Alert | Limit Data Transfer,High,KEY-0832,7.55,Steps to resolve Weak Access Controls on Critical Cloud Resources,1,Critical,Closed,395,10,2023-09-18 00:47:00.000000,9952.47133353376,Assignee 16,6990.870445901048,User_1,2023-07-27 12:41:00,53,KRI,ISSUE-0832,Cloud Security Posture,IN,Reporter 9,130,HR,1,131723.3506150505,Critical,AU,2023-07-27 00:47:00,60.118753094956155,data_modification
Unanticipated Increase in Risk Exposure,66.89462130000378,Escalate to SOC & Restrict Critical System Access | Lock Account & Alert | Limit Data Transfer,High,KEY-0833,7.85,Steps to resolve Unanticipated Increase in Risk Exposure,1,Critical,Open,1072,10,2026-05-12 22:27:57.042371,19086.045806069098,Assignee 19,141.77866833907638,User_47,2023-12-30 18:03:00,78,KRI,ISSUE-0833,Risk Exposure,IN,Reporter 1,83,Legal,1,71919.2404471387,Critical,Unknown,2023-12-30 01:38:00,22.183106026506408,data_modification
Ineffective Access Controls in High-Sensitivity Areas,63.4510518712365,Routine Monitoring,Medium,KEY-0834,6.3999999999999995,Steps to resolve Ineffective Access Controls in High-Sensitivity Areas,1,Critical,Open,1012,10,2025-12-19 22:27:57.042371,21900.449801504477,Assignee 14,20.41704477707266,User_17,2023-08-30 13:20:00,121,KPI,ISSUE-0834,Control Effectiveness,Unknown,Reporter 9,31,IT,1,27229.202425617794,Medium,EU,2023-08-29 14:37:00,31.94525749298992,login
Ineffective Access Controls in High-Sensitivity Areas,90.75050754657386,Escalate to SOC & Restrict Critical System Access | Lock Account & Alert | Limit Data Transfer,High,KEY-0835,8.0,Steps to resolve Ineffective Access Controls in High-Sensitivity Areas,1,Critical,Open,1443,10,2025-12-26 22:27:57.042371,21322.075795230823,Assignee 7,639.9347658418006,User_44,2024-11-02 15:09:00,118,KPI,ISSUE-0835,Control Effectiveness,IN,Reporter 1,70,Sales,1,163595.1940516123,Critical,JP,2024-11-01 22:28:00,53.95632278131559,data_modification
High-Volume Distributed Denial-of-Service Attack from Multiple Sources,54.69576878497527,Restrict User Activity & Monitor Logs | Lock Account & Alert | Limit Data Transfer,High,KEY-0836,7.05,Steps to resolve High-Volume Distributed Denial-of-Service Attack from Multiple Sources,1,Critical,Open,6,10,2026-02-24 22:27:57.042371,7530.730709100896,Assignee 16,2108.6138746778015,User_96,2024-12-19 06:50:00,278,KRI,ISSUE-0836,DDOS,JP,Reporter 8,133,External Contractors,1,55685.548050713434,High,CANADA,2024-12-19 06:44:00,49.04197723231479,data_modification
Delayed Patching of Critical Vulnerabilities,73.38573364171572,Escalate to SOC & Restrict Critical System Access | Lock Account & Alert | Limit Data Transfer,High,KEY-0837,7.85,Steps to resolve Delayed Patching of Critical Vulnerabilities,1,Critical,Open,3273,10,2026-02-26 22:27:57.042371,41748.67135675648,Assignee 15,2935.3782940824485,User_37,2025-04-12 06:20:00,68,KPI,ISSUE-0837,Vulnerability Remediation,DE,Reporter 1,87,Finance,1,169002.4671468972,Critical,EU,2025-04-11 22:18:00,36.949025575369234,data_modification
Newly Discovered Vulnerabilities in Core Systems,100.0,Escalate to SOC & Restrict Critical System Access | Lock Account & Alert | Limit Data Transfer,High,KEY-0838,8.0,Steps to resolve Newly Discovered Vulnerabilities in Core Systems,1,Critical,Closed,12742,10,2024-01-18 06:33:00.000000,139725.96779674158,Assignee 19,7774.628924427036,User_96,2023-09-25 15:24:00,115,KPI,ISSUE-0838,System Vulnerability,Unknown,Reporter 7,156,Operations,1,69819.08250362822,Critical,EU,2023-09-25 06:33:00,50.24156553246194,data_modification
Newly Discovered Vulnerabilities in Core Systems,88.54570857691536,Restrict User Activity & Monitor Logs | Lock Account & Alert,High,KEY-0839,7.4,Steps to resolve Newly Discovered Vulnerabilities in Core Systems,1,Critical,Resolved,903,10,2025-02-13 10:39:00.000000,19213.303137984058,Assignee 3,78.77320656743622,User_100,2024-10-15 21:24:00,121,KPI,ISSUE-0839,System Vulnerability,DE,Reporter 3,77,C-Suite Executives,1,70887.08714072999,High,EU,2024-10-15 10:39:00,55.09989440632045,file_access
Lack of Updated Risk Management Procedures,86.6848781035575,Restrict User Activity & Monitor Logs | Lock Account & Alert | Limit Data Transfer,High,KEY-0840,7.5,Steps to resolve Lack of Updated Risk Management Procedures,1,Critical,Open,4314,10,2026-05-04 22:27:57.042371,48812.64319445778,Assignee 3,749.9830672543328,User_93,2023-06-06 09:41:00,94,KPI,ISSUE-0840,Risk Management Maturity,FR,Reporter 9,113,C-Suite Executives,1,82939.71971553689,High,DE,2023-06-05 20:45:00,76.26935170175955,data_modification
Unusual Data Access from External Locations,100.0,Routine Monitoring | Limit Data Transfer,Medium,KEY-0841,6.75,Steps to resolve Unusual Data Access from External Locations,1,Critical,Resolved,6893,10,2023-04-29 13:48:00.000000,76467.15314949657,Assignee 18,179.13288120849245,User_55,2023-02-13 00:59:00,76,KRI,ISSUE-0841,Data Leak,USA,Reporter 9,164,Sales,1,70002.84927561076,Medium,JP,2023-02-12 13:48:00,67.74440672378796,file_access
Critical Issues Not Detected in Last Penetration Test,71.855011463536,Escalate to SOC & Restrict Critical System Access | Lock Account & Alert | Limit Data Transfer,High,KEY-0842,7.85,Steps to resolve Critical Issues Not Detected in Last Penetration Test,1,Critical,Resolved,2843,10,2025-12-31 23:18:00.000000,36816.880841110884,Assignee 17,1781.1066662015467,User_20,2025-07-10 08:17:00,175,KPI,ISSUE-0842,Penetration Testing Effectiveness,CANADA,Reporter 10,174,Finance,1,166056.72897077654,Critical,USA,2025-07-09 23:18:00,87.17294121563764,file_access
Malware Detected in Core System Components,65.14347546868338,Escalate to SOC & Restrict Critical System Access | Lock Account & Alert | Limit Data Transfer,High,KEY-0843,7.85,Steps to resolve Malware Detected in Core System Components,1,Critical,Open,2560,10,2026-02-01 22:27:57.042371,34218.022411158425,Assignee 8,12272.707098649487,User_91,2025-07-18 15:04:00,210,KRI,ISSUE-0843,Malware,CN,Reporter 6,192,HR,1,301363.2195673485,Critical,JP,2025-07-18 02:19:00,91.639610202667,file_access
Unusual Data Access from External Locations,95.47009441090754,Escalate to SOC & Restrict Critical System Access | Lock Account & Alert,High,KEY-0844,7.9,Steps to resolve Unusual Data Access from External Locations,1,Critical,Resolved,5893,10,2025-04-01 06:24:00.000000,66576.27159475592,Assignee 14,75.21653149954452,User_99,2024-12-07 21:12:00,115,KRI,ISSUE-0844,Data Leak,CN,Reporter 3,171,HR,1,151173.20493256423,Critical,JP,2024-12-07 06:24:00,75.40457984679148,file_access
Potential Non-Compliance Detected in Sensitive Data Handling,65.13978178911697,Routine Monitoring,Medium,KEY-0845,6.3999999999999995,Steps to resolve Potential Non-Compliance Detected in Sensitive Data Handling,1,Critical,In Progress,3665,10,2026-04-05 22:27:57.042371,46392.25491529709,Assignee 3,24.802818217447978,User_59,2023-02-22 15:41:00,50,KRI,ISSUE-0845,Legal Compliance,AU,Reporter 8,114,Legal,1,37708.87971214801,Medium,JP,2023-02-22 02:25:00,36.93104900964951,file_access
Unusual Data Transfer Volumes Detected,49.40801117413006,Escalate to SOC & Restrict Critical System Access | Lock Account & Alert,High,KEY-0846,7.6000000000000005,Steps to resolve Unusual Data Transfer Volumes Detected,1,Critical,Resolved,52,10,2026-06-20 04:25:00.000000,10736.787353047981,Assignee 11,91.7000257956372,User_6,2025-08-23 21:58:00,301,KRI,ISSUE-0846,Data Breach,CANADA,Reporter 7,126,Legal,1,193441.94926888382,Critical,DE,2025-08-23 04:25:00,38.418922747255294,file_access
Malware Detected in Core System Components,69.16623728412779,Schedule Investigation | Limit Data Transfer,Medium,KEY-0847,6.799999999999999,Steps to resolve Malware Detected in Core System Components,1,Critical,Open,111,10,2026-01-05 22:27:57.042371,6821.698758564349,Assignee 6,4351.866702758779,User_4,2024-03-11 15:29:00,1,KRI,ISSUE-0847,Malware,JP,Reporter 6,132,External Contractors,1,107429.81605850699,High,USA,2024-03-11 13:04:00,61.82845590405159,data_modification
Significant Number of Untracked Devices,74.26711470629166,Restrict User Activity & Monitor Logs | Lock Account & Alert | Limit Data Transfer,High,KEY-0848,7.199999999999999,Steps to resolve Significant Number of Untracked Devices,1,Critical,Resolved,239,10,2024-10-29 09:54:00.000000,8839.61714140126,Assignee 10,964.0994460733376,User_88,2024-08-22 08:53:00,69,KPI,ISSUE-0848,Asset Inventory Accuracy,Unknown,Reporter 5,146,Finance,1,96165.25521725147,High,FR,2024-08-21 09:54:00,74.13839477761229,file_access
Targeted Phishing Campaign Against Executives,72.32577247537762,Restrict User Activity & Monitor Logs | Lock Account & Alert | Limit Data Transfer,High,KEY-0849,7.35,Steps to resolve Targeted Phishing Campaign Against Executives,1,Critical,Closed,960,10,2025-09-23 19:28:00.000000,18153.989105589477,Assignee 19,1370.8805372490046,User_5,2025-04-07 05:01:00,170,KRI,ISSUE-0849,Phishing Attack,JP,Reporter 5,194,Operations,1,31861.941697628736,High,EU,2025-04-06 19:28:00,56.290866844009365,file_access
Critical Issues Not Detected in Last Penetration Test,100.0,Escalate to SOC & Restrict Critical System Access | Lock Account & Alert | Limit Data Transfer,High,KEY-0850,7.6,Steps to resolve Critical Issues Not Detected in Last Penetration Test,1,Critical,Open,1528,10,2026-03-28 22:27:57.042371,22789.156079010667,Assignee 18,100.2183315631927,User_73,2024-01-10 12:48:00,1,KPI,ISSUE-0850,Penetration Testing Effectiveness,AU,Reporter 2,110,IT,1,70655.41999266091,Critical,IN,2024-01-10 05:30:00,39.13680349190332,data_modification
Unusual Data Transfer Volumes Detected,93.20507640515493,Restrict User Activity & Monitor Logs | Lock Account & Alert | Limit Data Transfer,High,KEY-0851,7.5,Steps to resolve Unusual Data Transfer Volumes Detected,1,Critical,Resolved,1405,10,2024-06-15 05:42:00.000000,21898.615885014984,Assignee 3,216.7400501699888,User_49,2024-03-03 10:08:00,104,KRI,ISSUE-0851,Data Breach,EU,Reporter 6,26,IT,1,113058.86207574562,High,AU,2024-03-03 05:42:00,39.43808353186368,login
Lack of Updated Risk Management Procedures,100.0,Escalate to SOC & Restrict Critical System Access | Lock Account & Alert | Limit Data Transfer,High,KEY-0852,8.0,Steps to resolve Lack of Updated Risk Management Procedures,1,Critical,Open,11323,10,2026-05-01 22:27:57.042371,121333.45470185284,Assignee 10,233.47242513143186,User_11,2025-03-10 19:37:00,259,KPI,ISSUE-0852,Risk Management Maturity,AU,Reporter 2,89,Finance,1,164084.36362200472,Critical,DE,2025-03-09 23:31:00,71.13814632629327,data_modification
Unanticipated Increase in Risk Exposure,82.46677490795315,Routine Monitoring | Limit Data Transfer,Medium,KEY-0853,6.6,Steps to resolve Unanticipated Increase in Risk Exposure,1,Critical,Closed,3391,10,2025-07-02 22:32:00.000000,41736.637757486205,Assignee 16,407.0696212826176,User_3,2025-05-09 02:01:00,55,KRI,ISSUE-0853,Risk Exposure,EU,Reporter 5,120,Finance,1,62449.18824891159,Medium,IN,2025-05-08 22:32:00,69.62421620777012,file_access
Sudden Increase in Unfiltered Traffic,89.56660977157134,Restrict User Activity & Monitor Logs | Lock Account & Alert | Limit Data Transfer,High,KEY-0854,7.5,Steps to resolve Sudden Increase in Unfiltered Traffic,1,Critical,Open,5060,10,2026-01-19 22:27:57.042371,54925.53927290031,Assignee 14,114.54113520468314,User_33,2025-04-22 14:20:00,246,KPI,ISSUE-0854,Network Security,DE,Reporter 6,159,IT,1,34700.86548216692,High,FR,2025-04-21 19:12:00,50.78085385724042,data_modification
Targeted Phishing Campaign Against Executives,100.0,Escalate to SOC & Restrict Critical System Access | Lock Account & Alert | Limit Data Transfer,High,KEY-0855,8.0,Steps to resolve Targeted Phishing Campaign Against Executives,1,Critical,Resolved,17003,10,2023-06-06 02:25:00.000000,178233.48402564458,Assignee 5,1109.916282489753,User_41,2023-02-25 02:32:00,101,KRI,ISSUE-0855,Phishing Attack,Unknown,Reporter 6,154,External Contractors,1,95509.89304160868,Critical,DE,2023-02-25 02:25:00,51.47076859267336,data_modification
Potential Non-Compliance Detected in Sensitive Data Handling,88.2189016734908,Escalate to SOC & Restrict Critical System Access | Lock Account & Alert | Limit Data Transfer,High,KEY-0856,8.0,Steps to resolve Potential Non-Compliance Detected in Sensitive Data Handling,1,Critical,In Progress,5120,10,2026-01-28 22:27:57.042371,56530.20741044603,Assignee 18,456.3288628858925,User_69,2023-09-06 22:57:00,87,KRI,ISSUE-0856,Legal Compliance,CN,Reporter 3,125,Legal,1,65716.96061395465,Critical,UK,2023-09-06 02:38:00,60.94165990893301,data_modification
Targeted Phishing Campaign Against Executives,93.99066357297268,Escalate to SOC & Restrict Critical System Access | Lock Account & Alert | Limit Data Transfer,High,KEY-0857,8.0,Steps to resolve Targeted Phishing Campaign Against Executives,1,Critical,In Progress,8711,10,2026-05-12 22:27:57.042371,91492.72553831794,Assignee 12,2308.3541838666783,User_57,2024-04-06 17:52:00,186,KRI,ISSUE-0857,Phishing Attack,USA,Reporter 4,155,Finance,1,165585.10050777232,Critical,DE,2024-04-06 07:08:00,87.62061252983348,data_modification
Unassessed High-Risk Areas,72.74726956553768,Escalate to SOC & Restrict Critical System Access | Lock Account & Alert | Limit Data Transfer,High,KEY-0858,7.85,Steps to resolve Unassessed High-Risk Areas,1,Critical,In Progress,5667,10,2026-03-05 22:27:57.042371,64446.09819893481,Assignee 3,407.93296793150944,User_25,2025-02-26 16:56:00,229,KPI,ISSUE-0858,Risk Assessment Coverage,IN,Reporter 3,69,Sales,1,172715.4852041112,Critical,AU,2025-02-25 21:44:00,41.98408353904741,data_modification
Critical Issues Not Detected in Last Penetration Test,94.70821947658683,Escalate to SOC & Restrict Critical System Access | Lock Account & Alert | Limit Data Transfer,High,KEY-0859,8.0,Steps to resolve Critical Issues Not Detected in Last Penetration Test,1,Critical,Resolved,6518,10,2025-04-05 23:24:00.000000,76414.36966170206,Assignee 13,340.58916120371265,User_95,2025-03-01 21:23:00,36,KPI,ISSUE-0859,Penetration Testing Effectiveness,FR,Reporter 9,92,External Contractors,1,91958.26097902324,Critical,USA,2025-02-28 23:24:00,34.83368003579394,file_access
Unanticipated Increase in Risk Exposure,100.0,Restrict User Activity & Monitor Logs | Lock Account & Alert | Limit Data Transfer,High,KEY-0860,7.5,Steps to resolve Unanticipated Increase in Risk Exposure,1,Critical,Resolved,10806,10,2023-08-06 02:10:00.000000,117160.30041397814,Assignee 5,136.9844860066386,User_96,2023-05-08 09:47:00,90,KRI,ISSUE-0860,Risk Exposure,CANADA,Reporter 5,171,Finance,1,96726.94250451836,High,CN,2023-05-08 02:10:00,67.14124067128898,file_access
Delayed Patching of Critical Vulnerabilities,83.22688734861234,Restrict User Activity & Monitor Logs | Lock Account & Alert | Limit Data Transfer,High,KEY-0861,7.35,Steps to resolve Delayed Patching of Critical Vulnerabilities,1,Critical,In Progress,11569,10,2026-04-30 22:27:57.042371,120863.8314555389,Assignee 20,1106.030606640085,User_86,2024-05-04 07:33:00,203,KPI,ISSUE-0861,Vulnerability Remediation,DE,Reporter 2,150,Legal,1,39002.2108494059,High,Unknown,2024-05-04 00:14:00,65.10410343421586,data_modification
Multiple Unauthorized Access Attempts Detected,64.76052574895273,Escalate to SOC & Restrict Critical System Access | Lock Account & Alert | Limit Data Transfer,High,KEY-0862,7.699999999999999,Steps to resolve Multiple Unauthorized Access Attempts Detected,1,Critical,In Progress,90,10,2026-03-10 22:27:57.042371,8519.841484418095,Assignee 5,244.37758822682858,User_43,2023-07-13 15:50:00,155,KPI,ISSUE-0862,Access Control,USA,Reporter 4,106,C-Suite Executives,1,129778.78420993597,Critical,AU,2023-07-13 01:22:00,64.06676878222189,data_modification
Sudden Increase in Unfiltered Traffic,62.8955112466658,Escalate to SOC & Restrict Critical System Access | Lock Account & Alert | Limit Data Transfer,High,KEY-0863,7.85,Steps to resolve Sudden Increase in Unfiltered Traffic,1,Critical,Closed,3310,10,2024-10-09 05:43:00.000000,43617.61260124657,Assignee 7,993.5198561867111,User_5,2024-05-22 12:18:00,140,KPI,ISSUE-0863,Network Security,UK,Reporter 7,169,Finance,1,160095.69529514687,Critical,USA,2024-05-22 05:43:00,82.27233489338323,file_access
Unusual Data Transfer Volumes Detected,74.72728419520887,Restrict User Activity & Monitor Logs | Lock Account & Alert | Limit Data Transfer,High,KEY-0864,7.35,Steps to resolve Unusual Data Transfer Volumes Detected,1,Critical,In Progress,1098,10,2026-02-07 22:27:57.042371,19388.13203859394,Assignee 7,168.87012218106207,User_89,2024-02-11 06:18:00,228,KRI,ISSUE-0864,Data Breach,CN,Reporter 4,130,Operations,1,96976.59670786512,High,Unknown,2024-02-10 13:28:00,23.716938464368702,file_access
Unassessed High-Risk Areas,86.281476064249,Restrict User Activity & Monitor Logs | Lock Account & Alert | Limit Data Transfer,High,KEY-0865,7.5,Steps to resolve Unassessed High-Risk Areas,1,Critical,Open,2128,10,2026-02-11 22:27:57.042371,30996.53173579026,Assignee 4,769.1693832979047,User_73,2025-08-06 19:02:00,135,KPI,ISSUE-0865,Risk Assessment Coverage,UK,Reporter 4,141,External Contractors,1,55886.06963072656,High,IN,2025-08-06 01:46:00,47.03525660911761,file_access
Unusual Data Access from External Locations,50.36624106889925,Log Activity for Reference | Limit Data Transfer,Medium,KEY-0866,5.7,Steps to resolve Unusual Data Access from External Locations,1,Critical,Resolved,806,10,2024-01-08 02:56:00.000000,14748.55022356989,Assignee 17,289.04143207879594,User_1,2023-10-15 06:40:00,85,KRI,ISSUE-0866,Data Leak,FR,Reporter 7,162,HR,1,41993.91640427004,Low,AU,2023-10-15 02:56:00,66.11875309495616,file_access
Significant Number of Untracked Devices,61.82321758283883,Restrict User Activity & Monitor Logs | Lock Account & Alert | Limit Data Transfer,High,KEY-0867,7.35,Steps to resolve Significant Number of Untracked Devices,1,Critical,In Progress,840,10,2026-03-28 22:27:57.042371,19733.551116228562,Assignee 8,2016.6195363372788,User_53,2025-04-26 06:43:00,105,KPI,ISSUE-0867,Asset Inventory Accuracy,CANADA,Reporter 4,68,Sales,1,101138.15777304044,High,USA,2025-04-25 09:29:00,34.89175586387139,data_modification
Targeted Phishing Campaign Against Executives,81.42061223773689,Restrict User Activity & Monitor Logs | Lock Account & Alert | Limit Data Transfer,High,KEY-0868,7.35,Steps to resolve Targeted Phishing Campaign Against Executives,1,Critical,Resolved,4348,10,2023-09-07 07:47:00.000000,50896.613602803096,Assignee 1,3842.4911159810176,User_7,2023-05-31 19:36:00,99,KRI,ISSUE-0868,Phishing Attack,CN,Reporter 5,83,Sales,1,99850.84397496957,High,CANADA,2023-05-31 07:47:00,58.327080345776004,file_access
Critical Issues Not Detected in Last Penetration Test,67.30511146703049,Restrict User Activity & Monitor Logs | Lock Account & Alert | Limit Data Transfer,High,KEY-0869,7.35,Steps to resolve Critical Issues Not Detected in Last Penetration Test,1,Critical,Open,411,10,2026-02-04 22:27:57.042371,12935.694695338101,Assignee 18,136.1067449300328,User_72,2023-03-31 13:27:00,184,KPI,ISSUE-0869,Penetration Testing Effectiveness,CN,Reporter 10,22,Sales,1,90913.84067633277,High,Unknown,2023-03-31 11:05:00,63.375245787516185,login
Supplier Network Breach Exposure,51.38815596746896,Escalate to SOC & Restrict Critical System Access | Lock Account & Alert | Limit Data Transfer,High,KEY-0870,7.7,Steps to resolve Supplier Network Breach Exposure,1,Critical,Resolved,408,10,2024-07-22 12:50:00.000000,10515.809391442082,Assignee 11,481.9407349695623,User_58,2024-01-24 23:20:00,180,KPI,ISSUE-0870,Procurement Security,UK,Reporter 7,81,Operations,1,59131.512238478936,Critical,FR,2024-01-24 12:50:00,26.48634932009665,file_access
High-Volume Distributed Denial-of-Service Attack from Multiple Sources,72.20461413033401,Escalate to SOC & Restrict Critical System Access | Lock Account & Alert,High,KEY-0871,7.499999999999999,Steps to resolve High-Volume Distributed Denial-of-Service Attack from Multiple Sources,1,Critical,Closed,63,10,2025-10-12 13:46:00.000000,8217.420435135453,Assignee 13,46.92487561968068,User_58,2025-08-01 21:36:00,72,KRI,ISSUE-0871,DDOS,DE,Reporter 1,71,External Contractors,1,101313.4137503083,Critical,CANADA,2025-08-01 13:46:00,41.988838844035385,file_access
Critical Issues Not Detected in Last Penetration Test,65.51130789420331,Escalate to SOC & Restrict Critical System Access | Lock Account & Alert,High,KEY-0872,7.6499999999999995,Steps to resolve Critical Issues Not Detected in Last Penetration Test,1,Critical,Open,797,10,2026-02-10 22:27:57.042371,15102.9336774572,Assignee 1,49.12082857469271,User_88,2025-03-14 08:08:00,106,KPI,ISSUE-0872,Penetration Testing Effectiveness,FR,Reporter 10,28,C-Suite Executives,1,135118.44145667966,Critical,DE,2025-03-13 14:39:00,60.09797285601531,login
Supplier Network Breach Exposure,93.92553064894577,Restrict User Activity & Monitor Logs | Lock Account & Alert | Limit Data Transfer,High,KEY-0873,7.5,Steps to resolve Supplier Network Breach Exposure,1,Critical,Open,2175,10,2026-02-13 22:27:57.042371,28391.54853102033,Assignee 4,185.45002540242083,User_24,2024-04-22 21:17:00,167,KPI,ISSUE-0873,Procurement Security,AU,Reporter 5,137,Sales,1,106361.9970740719,High,DE,2024-04-22 12:56:00,67.96928536317002,data_modification
Unanticipated Increase in Risk Exposure,58.909540031109515,Escalate to SOC & Restrict Critical System Access | Lock Account & Alert,High,KEY-0874,7.1,Steps to resolve Unanticipated Increase in Risk Exposure,1,Critical,Resolved,718,10,2023-02-21 18:02:00.000000,15248.24213041594,Assignee 7,3.367882512900986,User_54,2023-02-21 01:25:00,1,KRI,ISSUE-0874,Risk Exposure,EU,Reporter 6,38,External Contractors,1,91442.92103840354,Critical,CANADA,2023-02-20 18:02:00,78.27236336836128,login
Critical Issues Not Detected in Last Penetration Test,82.0977711851628,Escalate to SOC & Restrict Critical System Access | Lock Account & Alert,High,KEY-0875,7.75,Steps to resolve Critical Issues Not Detected in Last Penetration Test,1,Critical,Resolved,2597,10,2024-07-06 09:58:00.000000,33957.789742183544,Assignee 5,71.13455757315032,User_12,2024-02-22 00:07:00,136,KPI,ISSUE-0875,Penetration Testing Effectiveness,JP,Reporter 1,119,Finance,1,166926.3093927323,Critical,UK,2024-02-21 09:58:00,50.36142469776002,file_access
Unusual Data Transfer Volumes Detected,56.99175223458059,Restrict User Activity & Monitor Logs | Lock Account & Alert | Limit Data Transfer,High,KEY-0876,7.2,Steps to resolve Unusual Data Transfer Volumes Detected,1,Critical,Open,978,10,2026-05-07 22:27:57.042371,16087.725205459514,Assignee 4,184.92887315030612,User_6,2023-05-07 06:07:00,235,KRI,ISSUE-0876,Data Breach,IN,Reporter 7,32,Operations,1,97105.96380305597,High,JP,2023-05-07 04:35:00,29.297379358539885,login
Targeted Phishing Campaign Against Executives,54.968822500940405,Escalate to SOC & Restrict Critical System Access | Lock Account & Alert | Limit Data Transfer,High,KEY-0877,7.7,Steps to resolve Targeted Phishing Campaign Against Executives,1,Critical,Resolved,364,10,2025-09-23 01:45:00.000000,12474.399595126895,Assignee 3,1116.702886503157,User_69,2025-07-09 23:48:00,76,KRI,ISSUE-0877,Phishing Attack,IN,Reporter 1,146,Operations,1,61850.64051487053,Critical,CANADA,2025-07-09 01:45:00,37.281577977644616,data_modification
Unusual Data Transfer Volumes Detected,43.89730691172791,Schedule Investigation,Medium,KEY-0878,6.85,Steps to resolve Unusual Data Transfer Volumes Detected,1,Critical,Resolved,122,10,2025-11-17 16:02:00.000000,8782.0924253937,Assignee 20,14.62297957059711,User_15,2025-06-10 11:10:00,161,KRI,ISSUE-0878,Data Breach,AU,Reporter 1,30,HR,1,249380.74661836587,High,UK,2025-06-09 16:02:00,93.40671371359491,login
High Frequency of Policy Violations,56.372493437519644,Restrict User Activity & Monitor Logs | Lock Account & Alert,High,KEY-0879,7.1000000000000005,Steps to resolve High Frequency of Policy Violations,1,Critical,Closed,2410,10,2024-11-19 03:37:00.000000,32863.58850136435,Assignee 20,86.61706317535715,User_39,2024-05-16 00:23:00,188,KPI,ISSUE-0879,Management Oversight,DE,Reporter 5,137,Legal,1,41408.5050139794,High,Unknown,2024-05-15 03:37:00,38.409483596168585,file_access
Critical Issues Not Detected in Last Penetration Test,72.56259955241482,Escalate to SOC & Restrict Critical System Access | Lock Account & Alert | Limit Data Transfer,High,KEY-0880,7.449999999999999,Steps to resolve Critical Issues Not Detected in Last Penetration Test,1,Critical,In Progress,2594,10,2025-12-29 22:27:57.042371,35474.68457119501,Assignee 7,936.3491747809385,User_92,2023-07-06 17:27:00,1,KPI,ISSUE-0880,Penetration Testing Effectiveness,CANADA,Reporter 4,88,Finance,1,168076.52018822104,Critical,UK,2023-07-05 21:44:00,43.955932334595644,data_modification
Significant Number of Untracked Devices,46.41420801695776,Escalate to SOC & Restrict Critical System Access | Lock Account & Alert | Limit Data Transfer,High,KEY-0881,7.7,Steps to resolve Significant Number of Untracked Devices,1,Critical,Closed,2832,10,2025-12-19 04:10:00.000000,39098.85982128612,Assignee 16,10369.907566245525,User_52,2025-09-21 19:54:00,89,KPI,ISSUE-0881,Asset Inventory Accuracy,UK,Reporter 8,97,Legal,1,72334.73615421221,Critical,JP,2025-09-21 04:10:00,41.1543260967414,data_modification
Delayed Patching of Critical Vulnerabilities,62.54605849991589,Restrict User Activity & Monitor Logs | Lock Account & Alert | Limit Data Transfer,High,KEY-0882,7.35,Steps to resolve Delayed Patching of Critical Vulnerabilities,1,Critical,Closed,1612,10,2024-04-15 04:03:00.000000,25463.75087579711,Assignee 4,1111.6907063225703,User_47,2023-11-01 00:57:00,167,KPI,ISSUE-0882,Vulnerability Remediation,CN,Reporter 1,65,Finance,1,99904.41025027526,High,USA,2023-10-31 04:03:00,56.44293683551919,data_modification
Unanticipated Increase in Risk Exposure,64.16588840099351,Routine Monitoring | Limit Data Transfer,Medium,KEY-0883,6.6,Steps to resolve Unanticipated Increase in Risk Exposure,1,Critical,Open,1366,10,2025-12-01 22:27:57.042371,22769.45873729569,Assignee 16,182.07979425065466,User_63,2025-02-02 06:10:00,58,KRI,ISSUE-0883,Risk Exposure,CANADA,Reporter 3,117,Sales,1,60042.687394339744,Medium,CN,2025-02-01 12:55:00,55.43860997653634,data_modification
Supplier Network Breach Exposure,77.47881134135531,Restrict User Activity & Monitor Logs | Lock Account & Alert | Limit Data Transfer,High,KEY-0884,7.35,Steps to resolve Supplier Network Breach Exposure,1,Critical,In Progress,5555,10,2025-12-25 22:27:57.042371,65251.1200781253,Assignee 17,414.8263651699058,User_39,2024-12-11 20:55:00,182,KPI,ISSUE-0884,Procurement Security,JP,Reporter 10,110,Legal,1,44922.475125499936,High,CN,2024-12-11 00:14:00,42.409483596168585,data_modification
Targeted Phishing Campaign Against Executives,68.32359289416577,Restrict User Activity & Monitor Logs | Lock Account & Alert | Limit Data Transfer,High,KEY-0885,7.199999999999999,Steps to resolve Targeted Phishing Campaign Against Executives,1,Critical,Resolved,421,10,2023-09-02 08:49:00.000000,9528.789694488947,Assignee 5,600.4630474413632,User_53,2023-04-13 17:11:00,142,KRI,ISSUE-0885,Phishing Attack,CANADA,Reporter 9,72,IT,1,33926.37154664227,High,IN,2023-04-13 08:49:00,39.98794871951833,file_access
Delayed Patching of Critical Vulnerabilities,62.29546450715468,Escalate to SOC & Restrict Critical System Access | Lock Account & Alert | Limit Data Transfer,High,KEY-0886,7.85,Steps to resolve Delayed Patching of Critical Vulnerabilities,1,Critical,Closed,2301,10,2025-06-06 09:53:00.000000,31860.527003938787,Assignee 20,723.4096747876962,User_95,2025-04-05 13:18:00,62,KPI,ISSUE-0886,Vulnerability Remediation,EU,Reporter 7,81,IT,1,71775.99803192087,Critical,FR,2025-04-05 09:53:00,25.63196054711807,data_modification
Newly Discovered Vulnerabilities in Core Systems,78.03254440433905,Escalate to SOC & Restrict Critical System Access | Lock Account & Alert | Limit Data Transfer,High,KEY-0887,7.85,Steps to resolve Newly Discovered Vulnerabilities in Core Systems,1,Critical,Closed,2859,10,2024-07-25 21:46:00.000000,36770.54733875183,Assignee 6,1448.436758526243,User_12,2024-02-15 19:49:00,162,KPI,ISSUE-0887,System Vulnerability,AU,Reporter 9,105,Sales,1,164676.43271110478,Critical,DE,2024-02-14 21:46:00,51.6594180982777,file_access
Unusual Data Access from External Locations,100.0,Escalate to SOC & Restrict Critical System Access | Lock Account & Alert | Limit Data Transfer,High,KEY-0888,8.0,Steps to resolve Unusual Data Access from External Locations,1,Critical,In Progress,4183,10,2026-05-07 22:27:57.042371,48661.194654914725,Assignee 1,3291.7721960081317,User_70,2023-11-26 07:40:00,315,KRI,ISSUE-0888,Data Leak,Unknown,Reporter 2,146,IT,1,61147.16243386686,Critical,USA,2023-11-25 18:59:00,64.20116853880567,data_modification
Critical Issues Not Detected in Last Penetration Test,77.70702796441137,Log Activity for Reference,Medium,KEY-0889,5.6499999999999995,Steps to resolve Critical Issues Not Detected in Last Penetration Test,1,Critical,Resolved,2670,10,2023-07-27 00:54:00.000000,33745.658178433005,Assignee 3,4.8421624506016006,User_1,2023-04-16 15:32:00,102,KPI,ISSUE-0889,Penetration Testing Effectiveness,Unknown,Reporter 9,32,HR,1,47688.76041111115,Low,UK,2023-04-16 00:54:00,61.118753094956155,login
Multiple Unauthorized Access Attempts Detected,66.725923870898,Escalate to SOC & Restrict Critical System Access | Lock Account & Alert,High,KEY-0890,7.75,Steps to resolve Multiple Unauthorized Access Attempts Detected,1,Critical,Closed,530,10,2024-12-11 23:27:00.000000,12740.736810796503,Assignee 4,76.838019897248,User_9,2024-09-09 00:42:00,94,KPI,ISSUE-0890,Access Control,JP,Reporter 8,20,C-Suite Executives,1,138810.66595407936,Critical,UK,2024-09-08 23:27:00,30.332283955495893,login
High-Volume Distributed Denial-of-Service Attack from Multiple Sources,55.863107027896774,Restrict User Activity & Monitor Logs | Lock Account & Alert,High,KEY-0891,7.0,Steps to resolve High-Volume Distributed Denial-of-Service Attack from Multiple Sources,1,Critical,Resolved,1101,10,2025-11-21 03:43:00.000000,16778.491843046795,Assignee 1,6.187434883940593,User_6,2025-08-01 04:32:00,112,KRI,ISSUE-0891,DDOS,AU,Reporter 4,144,Sales,1,91318.15136977684,High,UK,2025-08-01 03:43:00,76.38204425758585,file_access
Malware Detected in Core System Components,97.22825525286889,Restrict User Activity & Monitor Logs | Lock Account & Alert | Limit Data Transfer,High,KEY-0892,7.5,Steps to resolve Malware Detected in Core System Components,1,Critical,In Progress,9758,10,2026-05-01 22:27:57.042371,107833.8944435962,Assignee 11,114.34405141760365,User_39,2023-03-06 11:26:00,84,KRI,ISSUE-0892,Malware,IN,Reporter 7,131,Operations,1,79417.4355439909,High,USA,2023-03-06 03:10:00,44.289383217940774,data_modification
Spike in Unauthorized Access Attempts,73.64962266407515,Escalate to SOC & Restrict Critical System Access | Lock Account & Alert,High,KEY-0893,7.6,Steps to resolve Spike in Unauthorized Access Attempts,1,Critical,Open,170,10,2025-11-25 22:27:57.042371,8145.062833588098,Assignee 3,60.39588672441707,User_83,2023-01-11 17:07:00,125,KRI,ISSUE-0893,Unauthorized Access,AU,Reporter 7,30,C-Suite Executives,1,329561.67582136573,Critical,CANADA,2023-01-11 06:36:00,68.21377221409888,login
Spike in Unauthorized Access Attempts,45.14284196822614,Restrict User Activity & Monitor Logs | Lock Account & Alert,High,KEY-0894,7.0,Steps to resolve Spike in Unauthorized Access Attempts,1,Critical,In Progress,756,10,2026-01-09 22:27:57.042371,15604.062757719465,Assignee 2,33.2655255868092,User_7,2024-01-10 16:17:00,306,KRI,ISSUE-0894,Unauthorized Access,DE,Reporter 3,13,HR,1,209889.55493527255,High,USA,2024-01-09 22:31:00,40.92231948152952,login
Spike in Unauthorized Access Attempts,51.6959715873424,Log Activity for Reference | Limit Data Transfer,Medium,KEY-0895,5.7,Steps to resolve Spike in Unauthorized Access Attempts,1,Critical,Resolved,756,10,2023-03-11 17:55:00.000000,14024.58716232585,Assignee 15,578.1135499942809,User_52,2023-01-12 15:25:00,59,KRI,ISSUE-0895,Unauthorized Access,CN,Reporter 7,128,Sales,1,120282.39652732492,Low,EU,2023-01-11 17:55:00,67.23796181161865,file_access
Unanticipated Increase in Risk Exposure,86.45671190557766,Restrict User Activity & Monitor Logs | Lock Account & Alert | Limit Data Transfer,High,KEY-0896,7.5,Steps to resolve Unanticipated Increase in Risk Exposure,1,Critical,Closed,1283,10,2025-09-04 00:15:00.000000,22270.04905355579,Assignee 9,1869.8165886601892,User_4,2025-02-22 11:50:00,194,KRI,ISSUE-0896,Risk Exposure,JP,Reporter 9,180,Operations,1,23801.917710958034,High,UK,2025-02-22 00:15:00,41.44870282758987,file_access
High Frequency of Policy Violations,100.0,Restrict User Activity & Monitor Logs | Lock Account & Alert | Limit Data Transfer,High,KEY-0897,7.5,Steps to resolve High Frequency of Policy Violations,1,Critical,Resolved,7959,10,2024-05-11 10:54:00.000000,90301.19328324648,Assignee 3,1460.0324347705368,User_70,2024-01-26 07:28:00,107,KPI,ISSUE-0897,Management Oversight,DE,Reporter 5,163,Operations,1,41353.40458413787,High,JP,2024-01-25 10:54:00,45.395145414962464,data_modification
Delayed Patching of Critical Vulnerabilities,59.94807898854607,Restrict User Activity & Monitor Logs | Lock Account & Alert,High,KEY-0898,7.0,Steps to resolve Delayed Patching of Critical Vulnerabilities,1,Critical,Closed,516,10,2025-11-27 02:18:00.000000,10595.457759060366,Assignee 15,7.268688647998687,User_33,2025-08-28 08:05:00,91,KPI,ISSUE-0898,Vulnerability Remediation,IN,Reporter 9,145,IT,1,43126.231303759734,High,USA,2025-08-28 02:18:00,35.78085385724042,data_modification
Significant Number of Untracked Devices,47.18819009575649,Escalate to SOC & Restrict Critical System Access | Lock Account & Alert | Limit Data Transfer,High,KEY-0899,7.55,Steps to resolve Significant Number of Untracked Devices,1,Critical,Open,147,10,2025-12-11 22:27:57.042371,9734.284869854473,Assignee 9,355.2775833036002,User_96,2024-09-16 13:41:00,238,KPI,ISSUE-0899,Asset Inventory Accuracy,USA,Reporter 3,144,HR,1,149895.08371539833,Critical,CN,2024-09-15 21:47:00,69.97695260619986,data_modification
Supplier Network Breach Exposure,34.88132655384478,Restrict User Activity & Monitor Logs | Lock Account & Alert | Limit Data Transfer,High,KEY-0900,7.2,Steps to resolve Supplier Network Breach Exposure,1,Critical,In Progress,767,10,2026-05-19 22:27:57.042371,13405.699445975704,Assignee 18,923.6389742583825,User_53,2024-05-06 02:52:00,179,KPI,ISSUE-0900,Procurement Security,CANADA,Reporter 2,68,Legal,1,43303.813170558264,High,AU,2024-05-05 04:09:00,24.07771438312511,file_access
High Frequency of Policy Violations,100.0,Restrict User Activity & Monitor Logs | Lock Account & Alert | Limit Data Transfer,High,KEY-0901,7.5,Steps to resolve High Frequency of Policy Violations,1,Critical,Closed,17359,10,2025-05-20 17:02:00.000000,183079.87895600445,Assignee 10,3561.213911398413,User_55,2025-03-03 00:55:00,79,KPI,ISSUE-0901,Management Oversight,Unknown,Reporter 6,130,C-Suite Executives,1,76785.80492208863,High,FR,2025-03-02 17:02:00,63.246465028715704,data_modification
Spike in Unauthorized Access Attempts,62.720809569123304,Restrict User Activity & Monitor Logs | Lock Account & Alert,High,KEY-0902,7.25,Steps to resolve Spike in Unauthorized Access Attempts,1,Critical,Resolved,1696,10,2023-07-12 06:05:00.000000,27849.616995761055,Assignee 16,97.27784847650486,User_32,2023-04-25 01:51:00,79,KRI,ISSUE-0902,Unauthorized Access,Unknown,Reporter 8,154,HR,1,204694.9771687301,High,CANADA,2023-04-24 06:05:00,67.66027225346488,file_access
Targeted Phishing Campaign Against Executives,46.27682497276766,Escalate to SOC & Restrict Critical System Access | Lock Account & Alert | Limit Data Transfer,High,KEY-0903,7.7,Steps to resolve Targeted Phishing Campaign Against Executives,1,Critical,Open,6812,10,2026-03-07 22:27:57.042371,75251.58387805942,Assignee 15,3925.721373329764,User_81,2023-05-25 15:41:00,331,KRI,ISSUE-0903,Phishing Attack,USA,Reporter 7,106,External Contractors,1,94249.77537863262,Critical,IN,2023-05-25 02:15:00,51.686141444383026,data_modification
Newly Discovered Vulnerabilities in Core Systems,65.5876662114216,Escalate to SOC & Restrict Critical System Access | Lock Account & Alert,High,KEY-0904,7.499999999999999,Steps to resolve Newly Discovered Vulnerabilities in Core Systems,1,Critical,Resolved,244,10,2023-10-29 13:57:00.000000,8912.33527410692,Assignee 7,5.806618553561522,User_51,2023-08-08 00:31:00,83,KPI,ISSUE-0904,System Vulnerability,USA,Reporter 8,76,External Contractors,1,90843.12033004747,Critical,IN,2023-08-07 13:57:00,19.54449619272799,file_access
Spike in Unauthorized Access Attempts,70.24182116993859,Schedule Investigation,Medium,KEY-0905,6.999999999999999,Steps to resolve Spike in Unauthorized Access Attempts,1,Critical,In Progress,8,10,2025-12-28 22:27:57.042371,8012.699036783894,Assignee 17,30.669803248613466,User_39,2023-06-23 12:48:00,91,KRI,ISSUE-0905,Unauthorized Access,JP,Reporter 7,31,Legal,1,95204.93200378597,High,AU,2023-06-23 00:32:00,43.409483596168585,login
Unusual Data Access from External Locations,86.9221115111012,Escalate to SOC & Restrict Critical System Access | Lock Account & Alert | Limit Data Transfer,High,KEY-0906,8.0,Steps to resolve Unusual Data Access from External Locations,1,Critical,In Progress,8761,10,2026-03-06 22:27:57.042371,94690.14426154281,Assignee 2,1720.496512816666,User_98,2023-11-19 03:07:00,205,KRI,ISSUE-0906,Data Leak,USA,Reporter 4,151,Operations,1,62225.14199334867,Critical,DE,2023-11-18 06:36:00,47.039714015515,data_modification
Supplier Network Breach Exposure,50.82698155836976,Restrict User Activity & Monitor Logs | Lock Account & Alert | Limit Data Transfer,High,KEY-0907,7.2,Steps to resolve Supplier Network Breach Exposure,1,Critical,Closed,222,10,2025-07-22 05:05:00.000000,10933.986685184664,Assignee 10,717.0874118410438,User_37,2025-04-23 11:42:00,90,KPI,ISSUE-0907,Procurement Security,EU,Reporter 5,77,Sales,1,97756.79564068773,High,Unknown,2025-04-23 05:05:00,75.20140827911139,data_modification
Unassessed High-Risk Areas,53.976936828352585,Escalate to SOC & Restrict Critical System Access | Lock Account & Alert,High,KEY-0908,7.5,Steps to resolve Unassessed High-Risk Areas,1,Critical,In Progress,532,10,2025-12-26 22:27:57.042371,15374.052500984231,Assignee 15,6.56673630107357,User_25,2024-06-03 22:22:00,294,KPI,ISSUE-0908,Risk Assessment Coverage,CANADA,Reporter 4,15,Sales,1,164181.66329808792,Critical,EU,2024-06-02 23:05:00,38.98408353904741,login
Sudden Increase in Unfiltered Traffic,55.77686961079776,Escalate to SOC & Restrict Critical System Access | Lock Account & Alert,High,KEY-0909,7.6000000000000005,Steps to resolve Sudden Increase in Unfiltered Traffic,1,Critical,Resolved,1133,10,2024-08-31 18:32:00.000000,19228.56386774864,Assignee 7,56.696502541414304,User_2,2024-03-09 23:05:00,175,KPI,ISSUE-0909,Network Security,JP,Reporter 6,42,IT,1,69032.70679160845,Critical,AU,2024-03-09 18:32:00,50.64464851274079,login
Significant Number of Untracked Devices,57.26520144871273,Escalate to SOC & Restrict Critical System Access | Lock Account & Alert | Limit Data Transfer,High,KEY-0910,7.7,Steps to resolve Significant Number of Untracked Devices,1,Critical,Open,732,10,2026-05-20 22:27:57.042371,17472.538333544828,Assignee 2,639.1732020055672,User_99,2024-03-21 02:46:00,27,KPI,ISSUE-0910,Asset Inventory Accuracy,Unknown,Reporter 3,164,Legal,1,84835.05275603478,Critical,UK,2024-03-21 00:14:00,64.5176875355105,file_access
Weak Access Controls on Critical Cloud Resources,62.089717986959926,Restrict User Activity & Monitor Logs | Lock Account & Alert | Limit Data Transfer,High,KEY-0911,7.199999999999999,Steps to resolve Weak Access Controls on Critical Cloud Resources,1,Critical,Resolved,46,10,2025-03-27 20:07:00.000000,8343.082403322365,Assignee 3,407.5660662105829,User_74,2025-02-08 11:58:00,48,KRI,ISSUE-0911,Cloud Security Posture,FR,Reporter 9,131,Operations,1,25869.67740093722,High,CN,2025-02-07 20:07:00,53.77111774673375,file_access
Significant Number of Untracked Devices,100.0,Restrict User Activity & Monitor Logs | Lock Account & Alert | Limit Data Transfer,High,KEY-0912,7.5,Steps to resolve Significant Number of Untracked Devices,1,Critical,Closed,6556,10,2025-01-15 09:40:00.000000,71689.37237031845,Assignee 14,7555.337029940641,User_1,2024-10-29 07:18:00,79,KPI,ISSUE-0912,Asset Inventory Accuracy,CANADA,Reporter 3,153,Operations,1,26850.536190322848,High,IN,2024-10-28 09:40:00,38.41559840206665,data_modification
Ineffective Access Controls in High-Sensitivity Areas,82.78486611037519,Routine Monitoring,Medium,KEY-0913,6.5,Steps to resolve Ineffective Access Controls in High-Sensitivity Areas,1,Critical,Closed,3368,10,2023-06-18 20:00:00.000000,43042.89118080438,Assignee 5,62.10474290833542,User_66,2023-04-29 11:44:00,51,KPI,ISSUE-0913,Control Effectiveness,Unknown,Reporter 4,190,Operations,1,25415.049208031807,Medium,UK,2023-04-28 20:00:00,33.43564276012275,file_access
Lack of Updated Risk Management Procedures,52.34756651957436,Escalate to SOC & Restrict Critical System Access | Lock Account & Alert | Limit Data Transfer,High,KEY-0914,7.7,Steps to resolve Lack of Updated Risk Management Procedures,1,Critical,Open,400,10,2026-01-27 22:27:57.042371,12378.194187041545,Assignee 10,435.14738180460864,User_36,2025-03-15 12:51:00,147,KPI,ISSUE-0914,Risk Management Maturity,JP,Reporter 7,29,External Contractors,1,93996.2046697464,Critical,FR,2025-03-15 00:49:00,43.943959099387406,login
Targeted Phishing Campaign Against Executives,78.49219759526116,Escalate to SOC & Restrict Critical System Access | Lock Account & Alert | Limit Data Transfer,High,KEY-0915,7.85,Steps to resolve Targeted Phishing Campaign Against Executives,1,Critical,Resolved,5424,10,2024-03-02 12:03:00.000000,58721.309501151634,Assignee 3,1724.5967384388537,User_78,2023-11-17 23:00:00,106,KRI,ISSUE-0915,Phishing Attack,CANADA,Reporter 7,144,Finance,1,159461.9863441399,Critical,UK,2023-11-17 12:03:00,77.17163155433714,file_access
Lack of Updated Risk Management Procedures,68.8011952189917,Restrict User Activity & Monitor Logs | Lock Account & Alert | Limit Data Transfer,High,KEY-0916,7.35,Steps to resolve Lack of Updated Risk Management Procedures,1,Critical,In Progress,1837,10,2025-12-14 22:27:57.042371,27117.92688852127,Assignee 19,2415.092635672765,User_68,2024-01-06 16:06:00,120,KPI,ISSUE-0916,Risk Management Maturity,Unknown,Reporter 6,197,Finance,1,95675.3786682984,High,AU,2024-01-05 23:55:00,79.33662229761528,file_access
Spike in Unauthorized Access Attempts,54.574380850548444,Routine Monitoring | Limit Data Transfer,Medium,KEY-0917,6.45,Steps to resolve Spike in Unauthorized Access Attempts,1,Critical,In Progress,934,10,2025-12-10 22:27:57.042371,17182.12277697475,Assignee 9,2259.602432286892,User_26,2023-02-22 16:09:00,74,KRI,ISSUE-0917,Unauthorized Access,CANADA,Reporter 9,71,Sales,1,149838.57138108934,Medium,UK,2023-02-22 01:28:00,56.170675058574545,data_modification
Sudden Increase in Unfiltered Traffic,49.486707820300765,Escalate to SOC & Restrict Critical System Access | Lock Account & Alert,High,KEY-0918,7.6000000000000005,Steps to resolve Sudden Increase in Unfiltered Traffic,1,Critical,Closed,744,10,2026-02-22 20:06:00.000000,13958.954072481722,Assignee 10,53.019353237864586,User_49,2025-08-10 14:50:00,197,KPI,ISSUE-0918,Network Security,CN,Reporter 6,121,Sales,1,164839.12461875874,Critical,IN,2025-08-09 20:06:00,76.67506278301107,file_access
Targeted Phishing Campaign Against Executives,86.22351076769507,Routine Monitoring | Limit Data Transfer,Medium,KEY-0919,6.75,Steps to resolve Targeted Phishing Campaign Against Executives,1,Critical,Closed,3855,10,2023-09-16 23:16:00.000000,44543.2804310072,Assignee 13,1025.7794854878794,User_87,2023-06-30 18:25:00,79,KRI,ISSUE-0919,Phishing Attack,DE,Reporter 9,121,Sales,1,62733.60093063896,Medium,JP,2023-06-29 23:16:00,87.49872821611206,data_modification
High Frequency of Policy Violations,60.35073303439421,Escalate to SOC & Restrict Critical System Access | Lock Account & Alert | Limit Data Transfer,High,KEY-0920,7.85,Steps to resolve High Frequency of Policy Violations,1,Critical,Open,808,10,2025-12-23 22:27:57.042371,15383.77765583355,Assignee 2,115.0699951907792,User_30,2023-11-24 08:40:00,221,KPI,ISSUE-0920,Management Oversight,JP,Reporter 8,25,Legal,1,71243.08636889647,Critical,UK,2023-11-24 03:33:00,47.58141262611841,login
Potential Non-Compliance Detected in Sensitive Data Handling,71.74539703621755,Escalate to SOC & Restrict Critical System Access | Lock Account & Alert | Limit Data Transfer,High,KEY-0921,7.85,Steps to resolve Potential Non-Compliance Detected in Sensitive Data Handling,1,Critical,Open,1397,10,2026-03-10 22:27:57.042371,20839.39285745433,Assignee 19,208.11703311049462,User_18,2023-07-09 19:08:00,29,KRI,ISSUE-0921,Legal Compliance,USA,Reporter 10,67,IT,1,74896.77840123583,Critical,Unknown,2023-07-09 03:25:00,47.753236864278,file_access
Critical Issues Not Detected in Last Penetration Test,50.080413252531415,Restrict User Activity & Monitor Logs | Lock Account & Alert | Limit Data Transfer,High,KEY-0922,7.2,Steps to resolve Critical Issues Not Detected in Last Penetration Test,1,Critical,Open,1673,10,2026-04-24 22:27:57.042371,26767.81761014474,Assignee 1,5378.39472001962,User_74,2024-01-06 06:13:00,160,KPI,ISSUE-0922,Penetration Testing Effectiveness,AU,Reporter 1,128,IT,1,38537.4921542698,High,USA,2024-01-05 07:24:00,46.451396785816,data_modification
Spike in Unauthorized Access Attempts,70.19787729940856,Restrict User Activity & Monitor Logs | Lock Account & Alert | Limit Data Transfer,High,KEY-0923,7.35,Steps to resolve Spike in Unauthorized Access Attempts,1,Critical,Resolved,1133,10,2025-03-15 00:26:00.000000,17727.439394816225,Assignee 6,462.8178460484422,User_22,2025-02-04 12:30:00,39,KRI,ISSUE-0923,Unauthorized Access,EU,Reporter 7,189,Operations,1,90048.16656033332,High,JP,2025-02-04 00:26:00,33.27483525665816,file_access
Supplier Network Breach Exposure,74.83120553254383,Routine Monitoring,Medium,KEY-0924,6.3999999999999995,Steps to resolve Supplier Network Breach Exposure,1,Critical,Open,2254,10,2026-03-29 22:27:57.042371,27618.595627011022,Assignee 14,14.762234625779758,User_3,2024-05-19 20:27:00,87,KPI,ISSUE-0924,Procurement Security,IN,Reporter 7,41,External Contractors,1,36394.232598306575,Medium,UK,2024-05-19 04:53:00,42.53470000325153,login
Malware Detected in Core System Components,78.42073460925583,Restrict User Activity & Monitor Logs | Lock Account & Alert,High,KEY-0925,7.1499999999999995,Steps to resolve Malware Detected in Core System Components,1,Critical,In Progress,1638,10,2026-01-17 22:27:57.042371,24065.49539998454,Assignee 12,3.177172784289242,User_46,2023-03-24 12:05:00,129,KRI,ISSUE-0925,Malware,UK,Reporter 5,26,IT,1,95379.41609344014,High,IN,2023-03-24 04:30:00,51.408120342772875,login
Weak Access Controls on Critical Cloud Resources,37.668331922177146,Restrict User Activity & Monitor Logs | Lock Account & Alert | Limit Data Transfer,High,KEY-0926,7.2,Steps to resolve Weak Access Controls on Critical Cloud Resources,1,Critical,In Progress,806,10,2026-03-27 22:27:57.042371,14570.65591009845,Assignee 10,226.6232601890825,User_85,2023-07-24 07:41:00,29,KRI,ISSUE-0926,Cloud Security Posture,JP,Reporter 6,63,Finance,1,89608.6864032406,High,AU,2023-07-24 05:21:00,52.45278214122277,data_modification
Weak Access Controls on Critical Cloud Resources,75.23995087691208,Escalate to SOC & Restrict Critical System Access | Lock Account & Alert | Limit Data Transfer,High,KEY-0927,7.85,Steps to resolve Weak Access Controls on Critical Cloud Resources,1,Critical,Open,1962,10,2026-05-18 22:27:57.042371,24929.140849436746,Assignee 1,260.7243768281503,User_92,2024-12-06 08:55:00,391,KRI,ISSUE-0927,Cloud Security Posture,CN,Reporter 9,77,IT,1,81811.25928038635,Critical,AU,2024-12-06 04:42:00,61.62026585532792,data_modification
Critical Issues Not Detected in Last Penetration Test,79.71599762994774,Restrict User Activity & Monitor Logs | Lock Account & Alert | Limit Data Transfer,High,KEY-0928,7.35,Steps to resolve Critical Issues Not Detected in Last Penetration Test,1,Critical,Resolved,2841,10,2024-11-29 07:48:00.000000,36064.76015291168,Assignee 12,266.8689780605853,User_40,2024-10-02 00:42:00,59,KPI,ISSUE-0928,Penetration Testing Effectiveness,Unknown,Reporter 6,141,HR,1,83988.67761899208,High,CANADA,2024-10-01 07:48:00,72.44739318543662,data_modification
Unusual Data Transfer Volumes Detected,46.64936294099863,Escalate to SOC & Restrict Critical System Access | Lock Account & Alert | Limit Data Transfer,High,KEY-0929,7.3,Steps to resolve Unusual Data Transfer Volumes Detected,1,Critical,Closed,693,10,2025-01-29 16:12:00.000000,12587.073666641645,Assignee 4,4196.52915499801,User_79,2025-01-28 20:35:00,1,KRI,ISSUE-0929,Data Breach,CN,Reporter 7,167,HR,1,400447.87457041594,Critical,DE,2025-01-28 16:12:00,71.39121407471038,file_access
Potential Non-Compliance Detected in Sensitive Data Handling,100.0,Restrict User Activity & Monitor Logs | Lock Account & Alert | Limit Data Transfer,High,KEY-0930,7.5,Steps to resolve Potential Non-Compliance Detected in Sensitive Data Handling,1,Critical,Closed,7422,10,2023-06-12 00:34:00.000000,81463.30002829368,Assignee 12,1262.9801820967014,User_33,2023-04-10 05:54:00,63,KRI,ISSUE-0930,Legal Compliance,Unknown,Reporter 3,166,Legal,1,38467.66392018968,High,EU,2023-04-10 00:34:00,60.01255663424029,file_access
Supplier Network Breach Exposure,52.24195761963994,Restrict User Activity & Monitor Logs | Lock Account & Alert | Limit Data Transfer,High,KEY-0931,7.2,Steps to resolve Supplier Network Breach Exposure,1,Critical,Closed,750,10,2025-12-13 12:00:00.000000,13195.861411571936,Assignee 17,134.60292402816128,User_34,2025-08-24 09:42:00,112,KPI,ISSUE-0931,Procurement Security,IN,Reporter 7,112,External Contractors,1,58306.74963330378,High,AU,2025-08-23 12:00:00,48.268741228664666,data_modification
Ineffective Access Controls in High-Sensitivity Areas,100.0,Restrict User Activity & Monitor Logs | Lock Account & Alert | Limit Data Transfer,High,KEY-0932,7.5,Steps to resolve Ineffective Access Controls in High-Sensitivity Areas,1,Critical,In Progress,9687,10,2026-03-08 22:27:57.042371,103178.55319993314,Assignee 19,3636.181425042235,User_56,2025-01-07 22:18:00,66,KPI,ISSUE-0932,Control Effectiveness,AU,Reporter 2,177,External Contractors,1,66525.06233871613,High,Unknown,2025-01-07 05:55:00,55.201273882523246,file_access
Supplier Network Breach Exposure,44.463767718668024,Restrict User Activity & Monitor Logs | Lock Account & Alert | Limit Data Transfer,High,KEY-0933,7.05,Steps to resolve Supplier Network Breach Exposure,1,Critical,Resolved,42,10,2025-06-20 16:04:00.000000,6361.483051840143,Assignee 6,1389.6945047493523,User_59,2025-01-03 11:09:00,169,KPI,ISSUE-0933,Procurement Security,FR,Reporter 8,32,Legal,1,42918.328730982386,High,EU,2025-01-02 16:04:00,58.93104900964951,login
High Frequency of Policy Violations,66.81691307682716,Restrict User Activity & Monitor Logs | Lock Account & Alert | Limit Data Transfer,High,KEY-0934,7.35,Steps to resolve High Frequency of Policy Violations,1,Critical,In Progress,1245,10,2026-01-01 22:27:57.042371,22312.074462882938,Assignee 9,293.57729532365755,User_6,2023-05-14 07:12:00,220,KPI,ISSUE-0934,Management Oversight,FR,Reporter 1,119,IT,1,34288.09785152361,High,IN,2023-05-13 22:18:00,41.237044388645316,data_modification
Malware Detected in Core System Components,78.55650551821313,Escalate to SOC & Restrict Critical System Access | Lock Account & Alert | Limit Data Transfer,High,KEY-0935,7.85,Steps to resolve Malware Detected in Core System Components,1,Critical,In Progress,2512,10,2026-04-12 22:27:57.042371,31929.410673151768,Assignee 10,289.921622582476,User_31,2024-01-15 09:32:00,157,KRI,ISSUE-0935,Malware,CN,Reporter 5,141,Operations,1,128034.51231680499,Critical,Unknown,2024-01-15 03:13:00,33.12252503890336,data_modification
High-Volume Distributed Denial-of-Service Attack from Multiple Sources,62.206307636859094,Restrict User Activity & Monitor Logs | Lock Account & Alert | Limit Data Transfer,High,KEY-0936,7.35,Steps to resolve High-Volume Distributed Denial-of-Service Attack from Multiple Sources,1,Critical,Open,3528,10,2025-12-09 22:27:57.042371,43447.26882896438,Assignee 6,773.187916746986,User_66,2025-08-18 03:01:00,239,KRI,ISSUE-0936,DDOS,CANADA,Reporter 6,161,C-Suite Executives,1,78624.66963372164,High,DE,2025-08-17 06:28:00,78.0903829976256,file_access
Unusual Data Transfer Volumes Detected,68.49729726105393,Log Activity for Reference | Limit Data Transfer,Medium,KEY-0937,5.85,Steps to resolve Unusual Data Transfer Volumes Detected,1,Critical,Resolved,378,10,2023-04-05 00:07:00.000000,12312.229757902871,Assignee 4,150.9587656660434,User_82,2023-01-16 07:44:00,79,KRI,ISSUE-0937,Data Breach,IN,Reporter 9,134,HR,1,117684.09371873681,Low,CN,2023-01-16 00:07:00,75.04255753270658,data_modification
Unassessed High-Risk Areas,75.93350956560269,Escalate to SOC & Restrict Critical System Access | Lock Account & Alert,High,KEY-0938,7.75,Steps to resolve Unassessed High-Risk Areas,1,Critical,Resolved,3106,10,2023-06-17 01:52:00.000000,40168.044007626086,Assignee 5,88.49912571200893,User_87,2023-02-15 06:59:00,122,KPI,ISSUE-0938,Risk Assessment Coverage,EU,Reporter 4,137,Finance,1,163092.01227741613,Critical,DE,2023-02-15 01:52:00,75.10179780344029,file_access
Unanticipated Increase in Risk Exposure,85.77055974139611,Routine Monitoring | Limit Data Transfer,Medium,KEY-0939,6.75,Steps to resolve Unanticipated Increase in Risk Exposure,1,Critical,Closed,3321,10,2023-04-04 14:15:00.000000,43312.27731273758,Assignee 3,239.7778064419211,User_83,2023-01-09 05:27:00,86,KRI,ISSUE-0939,Risk Exposure,UK,Reporter 4,158,External Contractors,1,46227.91213271262,Medium,FR,2023-01-08 14:15:00,47.3669881013617,file_access
Weak Access Controls on Critical Cloud Resources,74.06377950575623,Restrict User Activity & Monitor Logs | Lock Account & Alert | Limit Data Transfer,High,KEY-0940,7.35,Steps to resolve Weak Access Controls on Critical Cloud Resources,1,Critical,Closed,1307,10,2023-10-27 19:14:00.000000,23383.10197098984,Assignee 20,620.6713610084868,User_89,2023-10-17 07:02:00,11,KRI,ISSUE-0940,Cloud Security Posture,JP,Reporter 9,104,Legal,1,51559.7890576784,High,DE,2023-10-16 19:14:00,25.372806790624775,data_modification
Weak Access Controls on Critical Cloud Resources,69.00881185510333,Escalate to SOC & Restrict Critical System Access | Lock Account & Alert | Limit Data Transfer,High,KEY-0941,7.449999999999999,Steps to resolve Weak Access Controls on Critical Cloud Resources,1,Critical,Resolved,1704,10,2023-03-31 15:04:00.000000,28636.40908012102,Assignee 17,364.6530829572367,User_49,2023-03-30 15:19:00,1,KRI,ISSUE-0941,Cloud Security Posture,EU,Reporter 6,101,Sales,1,169371.47481179528,Critical,IN,2023-03-30 15:04:00,57.67506278301107,data_modification
Targeted Phishing Campaign Against Executives,83.97797513857834,Routine Monitoring,Medium,KEY-0942,6.3999999999999995,Steps to resolve Targeted Phishing Campaign Against Executives,1,Critical,In Progress,418,10,2026-01-26 22:27:57.042371,11048.547276640491,Assignee 9,28.656215075528614,User_43,2025-09-02 18:51:00,114,KRI,ISSUE-0942,Phishing Attack,IN,Reporter 5,32,Operations,1,30050.304786324632,Medium,CANADA,2025-09-02 01:25:00,34.39393709076184,login
Unanticipated Increase in Risk Exposure,100.0,Restrict User Activity & Monitor Logs | Lock Account & Alert | Limit Data Transfer,High,KEY-0943,7.5,Steps to resolve Unanticipated Increase in Risk Exposure,1,Critical,Resolved,15851,10,2024-02-27 03:34:00.000000,168330.42897651644,Assignee 19,653.0400565612707,User_91,2023-11-25 17:51:00,94,KRI,ISSUE-0943,Risk Exposure,DE,Reporter 9,167,Operations,1,35141.74991128966,High,Unknown,2023-11-25 03:34:00,43.514618041834524,data_modification
Supplier Network Breach Exposure,79.09318051113613,Escalate to SOC & Restrict Critical System Access | Lock Account & Alert | Limit Data Transfer,High,KEY-0944,7.85,Steps to resolve Supplier Network Breach Exposure,1,Critical,Open,2195,10,2026-03-22 22:27:57.042371,29421.141288068717,Assignee 4,554.7550111043394,User_37,2024-03-20 23:03:00,204,KPI,ISSUE-0944,Procurement Security,IN,Reporter 6,99,Sales,1,158780.8067874474,Critical,AU,2024-03-20 22:49:00,44.20140827911139,file_access
Unanticipated Increase in Risk Exposure,65.2128626442809,Restrict User Activity & Monitor Logs | Lock Account & Alert | Limit Data Transfer,High,KEY-0945,7.35,Steps to resolve Unanticipated Increase in Risk Exposure,1,Critical,Open,1675,10,2026-01-18 22:27:57.042371,25540.128455668437,Assignee 19,873.2116258488911,User_28,2023-09-20 17:30:00,202,KRI,ISSUE-0945,Risk Exposure,CANADA,Reporter 1,161,IT,1,39684.0156490829,High,EU,2023-09-20 01:01:00,49.70900280938886,data_modification
Newly Discovered Vulnerabilities in Core Systems,58.59811775396961,Restrict User Activity & Monitor Logs | Lock Account & Alert | Limit Data Transfer,High,KEY-0946,7.2,Steps to resolve Newly Discovered Vulnerabilities in Core Systems,1,Critical,In Progress,2343,10,2025-12-24 22:27:57.042371,31343.156889273065,Assignee 1,190.23076339713754,User_74,2025-08-27 14:30:00,260,KPI,ISSUE-0946,System Vulnerability,DE,Reporter 9,115,HR,1,82243.56007676388,High,EU,2025-08-26 14:53:00,62.27414369369783,data_modification
Unanticipated Increase in Risk Exposure,84.35775447688201,Restrict User Activity & Monitor Logs | Lock Account & Alert | Limit Data Transfer,High,KEY-0947,7.35,Steps to resolve Unanticipated Increase in Risk Exposure,1,Critical,Closed,3119,10,2024-08-08 23:33:00.000000,38939.14694931299,Assignee 13,1584.052451542565,User_35,2024-07-03 04:59:00,37,KRI,ISSUE-0947,Risk Exposure,CN,Reporter 4,170,Legal,1,40506.821204452484,High,DE,2024-07-02 23:33:00,49.38514579319383,file_access
Unanticipated Increase in Risk Exposure,50.78137989058051,Escalate to SOC & Restrict Critical System Access | Lock Account & Alert,High,KEY-0948,7.6000000000000005,Steps to resolve Unanticipated Increase in Risk Exposure,1,Critical,Resolved,301,10,2023-10-12 04:16:00.000000,11148.925767007753,Assignee 13,62.79595981684811,User_26,2023-05-12 20:48:00,153,KRI,ISSUE-0948,Risk Exposure,AU,Reporter 5,20,Finance,1,173381.4093192038,Critical,DE,2023-05-12 04:16:00,41.95197579564618,login
Weak Access Controls on Critical Cloud Resources,62.31651072760624,Escalate to SOC & Restrict Critical System Access | Lock Account & Alert | Limit Data Transfer,High,KEY-0949,7.85,Steps to resolve Weak Access Controls on Critical Cloud Resources,1,Critical,In Progress,450,10,2026-05-12 22:27:57.042371,13044.760505496706,Assignee 11,6008.254681091612,User_16,2023-08-06 20:41:00,402,KRI,ISSUE-0949,Cloud Security Posture,AU,Reporter 6,87,Legal,1,73025.64421718555,Critical,IN,2023-08-06 20:19:00,57.87302931457783,data_modification
Delayed Patching of Critical Vulnerabilities,70.32738091500306,Restrict User Activity & Monitor Logs | Lock Account & Alert | Limit Data Transfer,High,KEY-0950,7.35,Steps to resolve Delayed Patching of Critical Vulnerabilities,1,Critical,Resolved,1803,10,2025-10-18 01:47:00.000000,25020.35210043021,Assignee 17,452.60763655258387,User_25,2025-05-07 12:15:00,164,KPI,ISSUE-0950,Vulnerability Remediation,Unknown,Reporter 4,84,External Contractors,1,49935.81945491615,High,IN,2025-05-07 01:47:00,42.2607797217114,data_modification
Targeted Phishing Campaign Against Executives,68.21169174160686,Restrict User Activity & Monitor Logs | Lock Account & Alert | Limit Data Transfer,High,KEY-0951,7.35,Steps to resolve Targeted Phishing Campaign Against Executives,1,Critical,Closed,2945,10,2025-08-17 06:18:00.000000,34333.07260126915,Assignee 2,1696.930584840106,User_6,2025-06-05 10:55:00,73,KRI,ISSUE-0951,Phishing Attack,CANADA,Reporter 7,129,IT,1,42912.73664017202,High,Unknown,2025-06-05 06:18:00,37.237044388645316,file_access
Unassessed High-Risk Areas,82.11138661860583,Routine Monitoring | Limit Data Transfer,Medium,KEY-0952,6.3,Steps to resolve Unassessed High-Risk Areas,1,Critical,Resolved,40,10,2025-04-21 13:26:00.000000,5272.748586343769,Assignee 18,560.1411823596532,User_65,2024-11-23 09:59:00,150,KPI,ISSUE-0952,Risk Assessment Coverage,CN,Reporter 9,117,IT,1,33051.67339370985,Medium,DE,2024-11-22 13:26:00,34.816829691879505,file_access
Unusual Data Transfer Volumes Detected,51.957873172628695,Routine Monitoring,Medium,KEY-0953,6.25,Steps to resolve Unusual Data Transfer Volumes Detected,1,Critical,In Progress,1263,10,2026-05-04 22:27:57.042371,22602.138585239652,Assignee 19,16.24933920321253,User_49,2024-09-21 15:57:00,110,KRI,ISSUE-0953,Data Breach,CN,Reporter 8,116,HR,1,168632.17907158475,Medium,EU,2024-09-20 20:01:00,62.09788312780758,file_access
Unanticipated Increase in Risk Exposure,90.17395116957394,Log Activity for Reference | Limit Data Transfer,Medium,KEY-0954,6.0,Steps to resolve Unanticipated Increase in Risk Exposure,1,Critical,In Progress,3055,10,2026-05-24 22:27:57.042371,37464.19057122797,Assignee 4,2560.016848290434,User_75,2023-02-04 00:56:00,141,KRI,ISSUE-0954,Risk Exposure,FR,Reporter 3,171,Operations,1,20470.27118195014,Low,CANADA,2023-02-03 07:37:00,44.90044333519045,file_access
Newly Discovered Vulnerabilities in Core Systems,60.162173955620055,Log Activity for Reference,Medium,KEY-0955,5.75,Steps to resolve Newly Discovered Vulnerabilities in Core Systems,1,Critical,Open,3807,10,2026-04-05 22:27:57.042371,42913.91205522311,Assignee 7,96.56955777546345,User_94,2025-02-19 18:52:00,78,KPI,ISSUE-0955,System Vulnerability,UK,Reporter 7,103,Sales,1,47701.735726924686,Low,JP,2025-02-19 04:09:00,58.49480009321274,file_access
Malware Detected in Core System Components,80.33836254235786,Restrict User Activity & Monitor Logs | Lock Account & Alert | Limit Data Transfer,High,KEY-0956,7.35,Steps to resolve Malware Detected in Core System Components,1,Critical,In Progress,4345,10,2026-02-09 22:27:57.042371,50260.92408244911,Assignee 14,279.18231916119464,User_6,2025-08-24 20:58:00,44,KRI,ISSUE-0956,Malware,CANADA,Reporter 5,118,External Contractors,1,113428.16990861188,High,CN,2025-08-24 04:02:00,53.47461993818327,data_modification
High-Volume Distributed Denial-of-Service Attack from Multiple Sources,76.14247583577641,Escalate to SOC & Restrict Critical System Access | Lock Account & Alert | Limit Data Transfer,High,KEY-0957,7.85,Steps to resolve High-Volume Distributed Denial-of-Service Attack from Multiple Sources,1,Critical,Open,2826,10,2026-01-19 22:27:57.042371,37644.13353440603,Assignee 19,8542.14098440075,User_67,2024-10-13 19:49:00,217,KRI,ISSUE-0957,DDOS,UK,Reporter 8,69,C-Suite Executives,1,139874.2527834311,Critical,CN,2024-10-13 05:39:00,38.53796397386479,data_modification
Delayed Patching of Critical Vulnerabilities,100.0,Escalate to SOC & Restrict Critical System Access | Lock Account & Alert | Limit Data Transfer,High,KEY-0958,8.0,Steps to resolve Delayed Patching of Critical Vulnerabilities,1,Critical,Closed,3325,10,2025-08-05 08:27:00.000000,41680.30597097694,Assignee 15,570.4419072693769,User_59,2025-05-05 09:56:00,92,KPI,ISSUE-0958,Vulnerability Remediation,AU,Reporter 10,111,IT,1,64906.88528476758,Critical,USA,2025-05-05 08:27:00,29.762423653490455,data_modification
Unusual Data Access from External Locations,93.21617657115019,Restrict User Activity & Monitor Logs | Lock Account & Alert | Limit Data Transfer,High,KEY-0959,7.5,Steps to resolve Unusual Data Access from External Locations,1,Critical,In Progress,4896,10,2026-02-04 22:27:57.042371,60358.68326574297,Assignee 8,1822.6755909708984,User_69,2023-10-10 11:25:00,110,KRI,ISSUE-0959,Data Leak,CN,Reporter 5,124,External Contractors,1,66276.75799462356,High,USA,2023-10-09 23:42:00,53.0421051406075,data_modification
Ineffective Access Controls in High-Sensitivity Areas,32.21753814999114,Escalate to SOC & Restrict Critical System Access | Lock Account & Alert,High,KEY-0960,7.35,Steps to resolve Ineffective Access Controls in High-Sensitivity Areas,1,Critical,Closed,277,10,2023-08-26 05:43:00.000000,9443.608895657435,Assignee 19,12.466713144442245,User_71,2023-06-07 12:12:00,80,KPI,ISSUE-0960,Control Effectiveness,USA,Reporter 2,131,Legal,1,71707.8922924438,Critical,FR,2023-06-07 05:43:00,52.37762321830351,file_access
Unusual Data Access from External Locations,50.94033566076055,Restrict User Activity & Monitor Logs | Lock Account & Alert | Limit Data Transfer,High,KEY-0961,7.2,Steps to resolve Unusual Data Access from External Locations,1,Critical,Resolved,1140,10,2025-02-03 08:17:00.000000,19374.56571897087,Assignee 2,271.05507408337223,User_79,2024-10-25 15:32:00,101,KRI,ISSUE-0961,Data Leak,CANADA,Reporter 1,29,IT,1,47989.54558412973,High,USA,2024-10-25 08:17:00,35.810771468042546,login
Lack of Updated Risk Management Procedures,75.9819163167113,Restrict User Activity & Monitor Logs | Lock Account & Alert | Limit Data Transfer,High,KEY-0962,7.35,Steps to resolve Lack of Updated Risk Management Procedures,1,Critical,Open,1711,10,2025-11-30 22:27:57.042371,26821.972355747483,Assignee 2,1000.130292339172,User_51,2024-06-13 04:03:00,112,KPI,ISSUE-0962,Risk Management Maturity,JP,Reporter 4,69,Sales,1,108173.24399336558,High,IN,2024-06-12 15:04:00,35.7291951055265,data_modification
High Frequency of Policy Violations,78.15622927502363,Escalate to SOC & Restrict Critical System Access | Lock Account & Alert | Limit Data Transfer,High,KEY-0963,7.85,Steps to resolve High Frequency of Policy Violations,1,Critical,In Progress,1519,10,2026-05-17 22:27:57.042371,25853.717273199793,Assignee 17,354.2132877977355,User_31,2023-01-03 00:35:00,229,KPI,ISSUE-0963,Management Oversight,JP,Reporter 7,157,Operations,1,64820.976212216505,Critical,AU,2023-01-02 01:08:00,31.122525038903365,file_access
Weak Access Controls on Critical Cloud Resources,92.7514668550126,Restrict User Activity & Monitor Logs | Lock Account & Alert | Limit Data Transfer,High,KEY-0964,7.5,Steps to resolve Weak Access Controls on Critical Cloud Resources,1,Critical,In Progress,7054,10,2026-04-30 22:27:57.042371,80065.04728413287,Assignee 18,2123.216968171152,User_79,2024-08-05 21:24:00,43,KRI,ISSUE-0964,Cloud Security Posture,IN,Reporter 10,140,Sales,1,92945.04790400832,High,AU,2024-08-05 15:40:00,69.57280395439903,data_modification
Spike in Unauthorized Access Attempts,81.53541958031497,Schedule Investigation,Medium,KEY-0965,6.999999999999999,Steps to resolve Spike in Unauthorized Access Attempts,1,Critical,Closed,211,10,2025-11-15 23:43:00.000000,6185.442422312852,Assignee 9,36.95297626216323,User_18,2025-09-25 07:58:00,52,KRI,ISSUE-0965,Unauthorized Access,IN,Reporter 3,52,External Contractors,1,126340.72078823028,High,FR,2025-09-24 23:43:00,36.759434341791426,data_modification
Unassessed High-Risk Areas,34.20563755709412,Escalate to SOC & Restrict Critical System Access | Lock Account & Alert | Limit Data Transfer,High,KEY-0966,7.7,Steps to resolve Unassessed High-Risk Areas,1,Critical,In Progress,3452,10,2025-11-27 22:27:57.042371,38908.22987862584,Assignee 16,963.5637248427918,User_69,2025-02-10 19:03:00,407,KPI,ISSUE-0966,Risk Assessment Coverage,USA,Reporter 2,122,C-Suite Executives,1,139841.90096796726,Critical,IN,2025-02-10 13:20:00,60.28116352887004,data_modification
Unanticipated Increase in Risk Exposure,100.0,Restrict User Activity & Monitor Logs | Lock Account & Alert | Limit Data Transfer,High,KEY-0967,7.5,Steps to resolve Unanticipated Increase in Risk Exposure,1,Critical,Closed,8669,10,2023-10-13 01:49:00.000000,95168.57161169988,Assignee 13,863.9450530542879,User_84,2023-05-25 23:26:00,141,KRI,ISSUE-0967,Risk Exposure,Unknown,Reporter 2,146,HR,1,84761.30133916563,High,CANADA,2023-05-25 01:49:00,69.35305727267013,data_modification
High-Volume Distributed Denial-of-Service Attack from Multiple Sources,60.36613885334292,Routine Monitoring,Medium,KEY-0968,6.3999999999999995,Steps to resolve High-Volume Distributed Denial-of-Service Attack from Multiple Sources,1,Critical,Open,908,10,2026-01-15 22:27:57.042371,15155.111689842764,Assignee 3,17.280379087877346,User_46,2023-03-07 05:21:00,139,KRI,ISSUE-0968,DDOS,USA,Reporter 3,136,Sales,1,69818.9523938676,Medium,JP,2023-03-06 23:19:00,67.48220201563255,file_access
Weak Access Controls on Critical Cloud Resources,99.47970536579112,Escalate to SOC & Restrict Critical System Access | Lock Account & Alert | Limit Data Transfer,High,KEY-0969,8.0,Steps to resolve Weak Access Controls on Critical Cloud Resources,1,Critical,Closed,5642,10,2024-12-13 10:15:00.000000,64986.93357375001,Assignee 10,212.62435893505204,User_1,2024-10-12 02:04:00,63,KRI,ISSUE-0969,Cloud Security Posture,DE,Reporter 1,131,HR,1,147805.93591676973,Critical,CANADA,2024-10-11 10:15:00,65.11875309495616,data_modification
Significant Number of Untracked Devices,85.24077852766331,Escalate to SOC & Restrict Critical System Access | Lock Account & Alert | Limit Data Transfer,High,KEY-0970,8.0,Steps to resolve Significant Number of Untracked Devices,1,Critical,Resolved,1591,10,2024-04-23 21:59:00.000000,22162.13064497035,Assignee 3,817.3140492175069,User_74,2023-11-01 11:11:00,175,KPI,ISSUE-0970,Asset Inventory Accuracy,CANADA,Reporter 5,152,Sales,1,165124.35277660147,Critical,IN,2023-10-31 21:59:00,64.28945126068797,file_access
Lack of Updated Risk Management Procedures,77.10287304231383,Escalate to SOC & Restrict Critical System Access | Lock Account & Alert | Limit Data Transfer,High,KEY-0971,7.85,Steps to resolve Lack of Updated Risk Management Procedures,1,Critical,Closed,971,10,2023-12-12 22:24:00.000000,20785.491889718443,Assignee 4,172.85810177055646,User_44,2023-08-02 08:21:00,133,KPI,ISSUE-0971,Risk Management Maturity,CN,Reporter 7,15,HR,1,145242.47411305388,Critical,FR,2023-08-01 22:24:00,30.681712889876913,login
Significant Number of Untracked Devices,100.0,Restrict User Activity & Monitor Logs | Lock Account & Alert | Limit Data Transfer,High,KEY-0972,7.5,Steps to resolve Significant Number of Untracked Devices,1,Critical,Resolved,8769,10,2024-06-02 05:25:00.000000,93087.73882807384,Assignee 9,220.298242858938,User_57,2024-01-23 02:09:00,132,KPI,ISSUE-0972,Asset Inventory Accuracy,CANADA,Reporter 5,172,Sales,1,92810.16967004775,High,USA,2024-01-22 05:25:00,102.15674824361832,data_modification
Critical Issues Not Detected in Last Penetration Test,66.45160201588,Restrict User Activity & Monitor Logs | Lock Account & Alert | Limit Data Transfer,High,KEY-0973,7.199999999999999,Steps to resolve Critical Issues Not Detected in Last Penetration Test,1,Critical,Closed,23,10,2024-01-18 19:49:00.000000,9458.59568923369,Assignee 13,584.629855650361,User_23,2023-12-02 03:52:00,48,KPI,ISSUE-0973,Penetration Testing Effectiveness,AU,Reporter 9,123,Sales,1,96066.98816042843,High,Unknown,2023-12-01 19:49:00,61.482234289763134,data_modification
Significant Number of Untracked Devices,51.653948442410865,Restrict User Activity & Monitor Logs | Lock Account & Alert | Limit Data Transfer,High,KEY-0974,7.0,Steps to resolve Significant Number of Untracked Devices,1,Critical,Open,110,10,2026-03-31 22:27:57.042371,10231.058626279273,Assignee 5,1166.8586200268771,User_30,2024-09-24 14:44:00,6,KPI,ISSUE-0974,Asset Inventory Accuracy,UK,Reporter 2,119,Finance,1,101457.1547095351,High,DE,2024-09-24 06:58:00,71.61300084159882,data_modification
Unusual Data Access from External Locations,72.36955955060886,Escalate to SOC & Restrict Critical System Access | Lock Account & Alert | Limit Data Transfer,High,KEY-0975,7.85,Steps to resolve Unusual Data Access from External Locations,1,Critical,In Progress,3254,10,2026-02-28 22:27:57.042371,40195.77635316313,Assignee 12,132.93482488055898,User_80,2023-04-14 13:19:00,207,KRI,ISSUE-0975,Data Leak,JP,Reporter 5,155,External Contractors,1,97367.62509590956,Critical,EU,2023-04-13 22:23:00,65.60048481696953,data_modification
High Frequency of Policy Violations,100.0,Escalate to SOC & Restrict Critical System Access | Lock Account & Alert | Limit Data Transfer,High,KEY-0976,8.0,Steps to resolve High Frequency of Policy Violations,1,Critical,Open,5358,10,2026-03-09 22:27:57.042371,60931.86995255849,Assignee 4,2281.5575319254212,User_14,2024-10-03 03:18:00,100,KPI,ISSUE-0976,Management Oversight,AU,Reporter 7,170,IT,1,72445.62690829614,Critical,IN,2024-10-03 00:15:00,42.27873274663269,file_access
Critical Issues Not Detected in Last Penetration Test,100.0,Escalate to SOC & Restrict Critical System Access | Lock Account & Alert | Limit Data Transfer,High,KEY-0977,8.0,Steps to resolve Critical Issues Not Detected in Last Penetration Test,1,Critical,Open,16099,10,2026-04-04 22:27:57.042371,169626.42823100265,Assignee 20,300.1040987368408,User_93,2025-03-05 19:12:00,128,KPI,ISSUE-0977,Penetration Testing Effectiveness,UK,Reporter 8,139,Operations,1,66198.21148257909,Critical,CN,2025-03-05 16:49:00,45.38048102544562,data_modification
High Frequency of Policy Violations,100.0,Restrict User Activity & Monitor Logs | Lock Account & Alert | Limit Data Transfer,High,KEY-0978,7.5,Steps to resolve High Frequency of Policy Violations,1,Critical,Resolved,3043,10,2024-01-28 06:42:00.000000,38009.3860267043,Assignee 1,292.128802324616,User_42,2023-12-28 01:55:00,32,KPI,ISSUE-0978,Management Oversight,AU,Reporter 4,77,Finance,1,99529.38588256935,High,EU,2023-12-27 06:42:00,50.52342155651721,file_access
Sudden Increase in Unfiltered Traffic,77.46190520731098,Restrict User Activity & Monitor Logs | Lock Account & Alert | Limit Data Transfer,High,KEY-0979,7.35,Steps to resolve Sudden Increase in Unfiltered Traffic,1,Critical,Open,3186,10,2025-12-05 22:27:57.042371,41879.23241221951,Assignee 11,619.7083428047275,User_91,2023-04-04 20:38:00,62,KPI,ISSUE-0979,Network Security,FR,Reporter 4,185,Sales,1,101624.96682669064,High,JP,2023-04-04 13:21:00,97.37180481582266,file_access
Lack of Updated Risk Management Procedures,69.4072234661448,Escalate to SOC & Restrict Critical System Access | Lock Account & Alert | Limit Data Transfer,High,KEY-0980,7.85,Steps to resolve Lack of Updated Risk Management Procedures,1,Critical,Closed,118,10,2024-10-04 15:50:00.000000,10922.74181529829,Assignee 16,125.60294007500542,User_44,2024-07-26 05:16:00,71,KPI,ISSUE-0980,Risk Management Maturity,EU,Reporter 1,25,Sales,1,165963.10983837818,Critical,CN,2024-07-25 15:50:00,35.95632278131559,login
Potential Non-Compliance Detected in Sensitive Data Handling,55.00815092072666,Restrict User Activity & Monitor Logs | Lock Account & Alert | Limit Data Transfer,High,KEY-0981,7.2,Steps to resolve Potential Non-Compliance Detected in Sensitive Data Handling,1,Critical,Open,1077,10,2026-01-24 22:27:57.042371,18454.317688549705,Assignee 5,223.17771247771657,User_24,2025-08-31 14:17:00,105,KRI,ISSUE-0981,Legal Compliance,CANADA,Reporter 7,31,Sales,1,102593.80146532778,High,EU,2025-08-30 18:23:00,70.96928536317002,login
Spike in Unauthorized Access Attempts,61.6800887329423,Escalate to SOC & Restrict Critical System Access | Lock Account & Alert | Limit Data Transfer,High,KEY-0982,7.85,Steps to resolve Spike in Unauthorized Access Attempts,1,Critical,Closed,426,10,2023-09-05 15:46:00.000000,11661.952715969455,Assignee 16,179.58417698566683,User_98,2023-03-10 23:39:00,179,KRI,ISSUE-0982,Unauthorized Access,EU,Reporter 10,177,HR,1,356214.399131245,Critical,CN,2023-03-10 15:46:00,74.06023875009777,file_access
Critical Issues Not Detected in Last Penetration Test,67.9856607967136,Restrict User Activity & Monitor Logs | Lock Account & Alert,High,KEY-0983,7.1499999999999995,Steps to resolve Critical Issues Not Detected in Last Penetration Test,1,Critical,In Progress,3629,10,2026-03-07 22:27:57.042371,45198.17061222928,Assignee 8,6.752294346433605,User_40,2023-07-07 04:18:00,86,KPI,ISSUE-0983,Penetration Testing Effectiveness,IN,Reporter 4,35,Operations,1,44145.34066103682,High,AU,2023-07-07 03:23:00,45.963073467157365,login
Lack of Updated Risk Management Procedures,68.1034972139342,Escalate to SOC & Restrict Critical System Access | Lock Account & Alert | Limit Data Transfer,High,KEY-0984,7.699999999999999,Steps to resolve Lack of Updated Risk Management Procedures,1,Critical,Closed,68,10,2024-08-17 13:23:00.000000,9661.657603133119,Assignee 8,1207.9977276012867,User_67,2023-12-27 04:13:00,235,KPI,ISSUE-0984,Risk Management Maturity,FR,Reporter 9,89,Operations,1,55338.044441413906,Critical,DE,2023-12-26 13:23:00,44.54272935072791,file_access
Unusual Data Transfer Volumes Detected,65.58651390718266,Restrict User Activity & Monitor Logs | Lock Account & Alert | Limit Data Transfer,High,KEY-0985,7.199999999999999,Steps to resolve Unusual Data Transfer Volumes Detected,1,Critical,Resolved,510,10,2025-10-02 05:11:00.000000,9033.532347042796,Assignee 6,1124.9729262550463,User_75,2025-07-03 19:35:00,91,KRI,ISSUE-0985,Data Breach,IN,Reporter 8,160,HR,1,243039.57670507982,High,UK,2025-07-03 05:11:00,77.29539922350243,file_access
Newly Discovered Vulnerabilities in Core Systems,44.03832183300787,Restrict User Activity & Monitor Logs | Lock Account & Alert | Limit Data Transfer,High,KEY-0986,7.2,Steps to resolve Newly Discovered Vulnerabilities in Core Systems,1,Critical,Resolved,1831,10,2026-01-08 03:25:00.000000,25290.842894756708,Assignee 15,140.67594180184778,User_25,2025-09-13 12:58:00,117,KPI,ISSUE-0986,System Vulnerability,DE,Reporter 7,85,External Contractors,1,62819.55602623969,High,Unknown,2025-09-13 03:25:00,22.2607797217114,file_access
Unassessed High-Risk Areas,53.31339724927635,Escalate to SOC & Restrict Critical System Access | Lock Account & Alert,High,KEY-0987,7.6000000000000005,Steps to resolve Unassessed High-Risk Areas,1,Critical,Resolved,783,10,2024-09-04 00:21:00.000000,16003.234131956375,Assignee 10,97.42037263806264,User_17,2024-02-20 13:49:00,197,KPI,ISSUE-0987,Risk Assessment Coverage,EU,Reporter 4,18,Legal,1,70501.21565794072,Critical,UK,2024-02-20 00:21:00,33.07058906288269,login
Malware Detected in Core System Components,66.40272637966224,Restrict User Activity & Monitor Logs | Lock Account & Alert | Limit Data Transfer,High,KEY-0988,7.35,Steps to resolve Malware Detected in Core System Components,1,Critical,Open,1925,10,2025-12-01 22:27:57.042371,23128.645992480644,Assignee 20,1837.290829638106,User_65,2023-07-22 09:46:00,47,KRI,ISSUE-0988,Malware,Unknown,Reporter 7,142,Finance,1,196721.38871521206,High,IN,2023-07-22 00:04:00,73.49381856544954,file_access
Malware Detected in Core System Components,74.02734382242491,Restrict User Activity & Monitor Logs | Lock Account & Alert | Limit Data Transfer,High,KEY-0989,7.35,Steps to resolve Malware Detected in Core System Components,1,Critical,Open,3280,10,2026-03-31 22:27:57.042371,39279.405520739296,Assignee 17,4096.230326904947,User_6,2024-06-10 22:08:00,263,KRI,ISSUE-0989,Malware,IN,Reporter 10,123,Legal,1,86614.79122309912,High,UK,2024-06-10 06:21:00,33.418922747255294,file_access
Potential Non-Compliance Detected in Sensitive Data Handling,75.06448653997053,Restrict User Activity & Monitor Logs | Lock Account & Alert | Limit Data Transfer,High,KEY-0990,7.35,Steps to resolve Potential Non-Compliance Detected in Sensitive Data Handling,1,Critical,Open,2518,10,2025-12-02 22:27:57.042371,34929.69331423082,Assignee 13,413.9099886038823,User_46,2023-06-20 21:09:00,190,KRI,ISSUE-0990,Legal Compliance,USA,Reporter 9,105,C-Suite Executives,1,79617.92489105422,High,IN,2023-06-20 07:30:00,71.03672173650239,data_modification
High-Volume Distributed Denial-of-Service Attack from Multiple Sources,71.45715136270417,Escalate to SOC & Restrict Critical System Access | Lock Account & Alert | Limit Data Transfer,High,KEY-0991,7.85,Steps to resolve High-Volume Distributed Denial-of-Service Attack from Multiple Sources,1,Critical,Resolved,1820,10,2024-08-12 22:03:00.000000,25479.772977891924,Assignee 10,9196.424184684925,User_65,2023-10-10 18:53:00,308,KRI,ISSUE-0991,DDOS,CANADA,Reporter 4,120,IT,1,66854.36863986417,Critical,AU,2023-10-09 22:03:00,45.816829691879505,data_modification
Unanticipated Increase in Risk Exposure,76.75670679755447,Restrict User Activity & Monitor Logs | Lock Account & Alert | Limit Data Transfer,High,KEY-0992,7.35,Steps to resolve Unanticipated Increase in Risk Exposure,1,Critical,Closed,704,10,2025-09-23 17:09:00.000000,13576.099242681466,Assignee 18,6048.039633705829,User_95,2025-08-04 12:04:00,51,KRI,ISSUE-0992,Risk Exposure,AU,Reporter 1,79,HR,1,86605.06360355533,High,FR,2025-08-03 17:09:00,55.27707966305829,data_modification
Unusual Data Access from External Locations,65.53906898552356,Restrict User Activity & Monitor Logs | Lock Account & Alert | Limit Data Transfer,High,KEY-0993,7.35,Steps to resolve Unusual Data Access from External Locations,1,Critical,Closed,2196,10,2023-04-07 13:57:00.000000,29463.00999922244,Assignee 9,2496.260692718022,User_17,2023-02-16 03:18:00,51,KRI,ISSUE-0993,Data Leak,USA,Reporter 3,78,Sales,1,91078.3997330934,High,CN,2023-02-15 13:57:00,61.961660892842815,data_modification
Unassessed High-Risk Areas,96.53279147674422,Routine Monitoring,Medium,KEY-0994,6.55,Steps to resolve Unassessed High-Risk Areas,1,Critical,Closed,3062,10,2024-06-12 06:05:00.000000,41522.933878890915,Assignee 11,24.016072385657402,User_86,2024-05-10 13:01:00,33,KPI,ISSUE-0994,Risk Assessment Coverage,CANADA,Reporter 7,164,HR,1,64943.830537704955,Medium,USA,2024-05-10 06:05:00,75.83354275538798,data_modification
High Frequency of Policy Violations,42.006261673235656,Escalate to SOC & Restrict Critical System Access | Lock Account & Alert,High,KEY-0995,7.5,Steps to resolve High Frequency of Policy Violations,1,Critical,Closed,1146,10,2023-05-21 09:27:00.000000,19450.753019217893,Assignee 11,13.552411844593212,User_10,2023-03-28 07:09:00,55,KPI,ISSUE-0995,Management Oversight,UK,Reporter 5,135,External Contractors,1,93772.03679413273,Critical,Unknown,2023-03-27 09:27:00,55.967458382596696,data_modification
Delayed Patching of Critical Vulnerabilities,100.0,Restrict User Activity & Monitor Logs | Lock Account & Alert | Limit Data Transfer,High,KEY-0996,7.5,Steps to resolve Delayed Patching of Critical Vulnerabilities,1,Critical,In Progress,8382,10,2026-05-01 22:27:57.042371,92790.60956365037,Assignee 7,2064.698063637201,User_88,2024-11-07 02:00:00,57,KPI,ISSUE-0996,Vulnerability Remediation,EU,Reporter 3,131,IT,1,39250.683476900376,High,IN,2024-11-06 19:46:00,59.060335933325234,data_modification
Unassessed High-Risk Areas,100.0,Escalate to SOC & Restrict Critical System Access | Lock Account & Alert | Limit Data Transfer,High,KEY-0997,8.0,Steps to resolve Unassessed High-Risk Areas,1,Critical,Open,6999,10,2026-01-05 22:27:57.042371,79276.99711924678,Assignee 6,814.9566961971651,User_57,2023-04-04 00:03:00,321,KPI,ISSUE-0997,Risk Assessment Coverage,USA,Reporter 9,148,External Contractors,1,104964.9064631251,Critical,IN,2023-04-03 02:53:00,64.62032481333993,data_modification
Delayed Patching of Critical Vulnerabilities,77.78421152217234,Restrict User Activity & Monitor Logs | Lock Account & Alert | Limit Data Transfer,High,KEY-0998,7.199999999999999,Steps to resolve Delayed Patching of Critical Vulnerabilities,1,Critical,Closed,123,10,2025-01-17 05:29:00.000000,6811.0725353325415,Assignee 19,365.02940818696555,User_21,2024-06-03 12:27:00,228,KPI,ISSUE-0998,Vulnerability Remediation,AU,Reporter 6,26,External Contractors,1,47767.287363292184,High,UK,2024-06-03 05:29:00,57.142948062332664,login
Unusual Data Access from External Locations,87.66557801011352,Escalate to SOC & Restrict Critical System Access | Lock Account & Alert | Limit Data Transfer,High,KEY-0999,8.0,Steps to resolve Unusual Data Access from External Locations,1,Critical,Resolved,3397,10,2023-10-06 05:49:00.000000,44048.40855797833,Assignee 5,1988.822240891698,User_24,2023-07-29 17:56:00,69,KRI,ISSUE-0999,Data Leak,FR,Reporter 4,134,External Contractors,1,99221.5311959237,Critical,DE,2023-07-29 05:49:00,62.2345815246758,data_modification
Significant Number of Untracked Devices,74.25916628068501,Routine Monitoring,Medium,KEY-1000,6.249999999999999,Steps to resolve Significant Number of Untracked Devices,1,Critical,In Progress,29,10,2026-02-27 22:27:57.042371,8856.53624798675,Assignee 7,19.203221238142753,User_80,2023-05-20 17:05:00,59,KPI,ISSUE-1000,Asset Inventory Accuracy,JP,Reporter 9,158,External Contractors,1,35113.35194379426,Medium,AU,2023-05-19 22:54:00,47.60048481696952,data_modification
