Issue ID,Issue Key,Issue Name,Issue Volume,Category,Severity,Status,Reporters,Assignees,Date Reported,Date Resolved,Issue Response Time Days,Impact Score,Risk Level,Department Affected,Remediation Steps,Cost,KPI/KRI,User ID,Timestamps,Activity Type,User Location,IP Location,Session Duration in Second,Num Files Accessed,Login Attempts,Data Transfer MB,CPU Usage %,Memory Usage MB,Threat Score,Threat Level,Defense Action,Is Anomaly
ISSUE-0801,KEY-0801,Critical Issues Not Detected in Last Penetration Test,1,Penetration Testing Effectiveness,High,In Progress,Reporter 9,Assignee 2,2024-03-01 09:00:00,2025-12-01 04:52:05.816519,119,10,Critical,Sales,Steps to resolve Critical Issues Not Detected in Last Penetration Test,87231.72242683306,KPI,User_75,2024-03-01 13:19:00,data_modification,IN,JP,9266,144,90.54227825178205,5841.319072425433,94.9046822910152,103537.1859361186,7.5,High,Restrict User Activity & Monitor Logs | Lock Account & Alert | Limit Data Transfer,1
ISSUE-0802,KEY-0802,Newly Discovered Vulnerabilities in Core Systems,1,System Vulnerability,High,Closed,Reporter 2,Assignee 1,2024-12-23 05:36:00,2025-03-07 05:36:00.000000,74,10,Critical,External Contractors,Steps to resolve Newly Discovered Vulnerabilities in Core Systems,48900.874798209275,KPI,User_73,2024-12-24 03:46:00,data_modification,Unknown,DE,1958,85,26.722617638040024,49.5557663450581,65.51148223841363,24965.268186847567,7.1499999999999995,High,Restrict User Activity & Monitor Logs | Lock Account & Alert,1
ISSUE-0803,KEY-0803,Unassessed High-Risk Areas,1,Risk Assessment Coverage,High,Closed,Reporter 6,Assignee 20,2025-05-03 22:50:00,2025-09-22 22:50:00.000000,142,10,Critical,Sales,Steps to resolve Unassessed High-Risk Areas,86642.08588650223,KPI,User_16,2025-05-04 02:20:00,login,UK,JP,376,48,78.80545113229954,46.04323244990676,80.8408605521844,7921.842469549338,6.999999999999999,Medium,Schedule Investigation,1
ISSUE-0804,KEY-0804,Targeted Phishing Campaign Against Executives,1,Phishing Attack,Critical,Open,Reporter 9,Assignee 2,2024-01-07 01:41:00,2026-05-20 04:52:05.816519,356,10,Critical,Operations,Steps to resolve Targeted Phishing Campaign Against Executives,143922.97291205986,KRI,User_5,2024-01-07 16:54:00,login,UK,DE,2535,28,60.2016167988431,66.36993199804438,86.43180156457356,34763.327447177,7.9,High,Escalate to SOC & Restrict Critical System Access | Lock Account & Alert,1
ISSUE-0805,KEY-0805,Sudden Increase in Unfiltered Traffic,1,Network Security,High,Closed,Reporter 5,Assignee 5,2023-09-28 06:04:00,2023-12-13 06:04:00.000000,76,10,Critical,Operations,Steps to resolve Sudden Increase in Unfiltered Traffic,82758.87962495808,KPI,User_93,2023-09-28 22:42:00,data_modification,CANADA,EU,6535,118,66.93310717290596,459.48580806837674,100.0,69802.96356254924,7.5,High,Restrict User Activity & Monitor Logs | Lock Account & Alert | Limit Data Transfer,1
ISSUE-0806,KEY-0806,Critical Issues Not Detected in Last Penetration Test,1,Penetration Testing Effectiveness,High,Closed,Reporter 2,Assignee 4,2024-09-30 16:34:00,2024-12-04 16:34:00.000000,65,10,Critical,Sales,Steps to resolve Critical Issues Not Detected in Last Penetration Test,95124.30011096213,KPI,User_64,2024-09-30 17:19:00,data_modification,EU,CN,550,114,63.32334326845451,1037.7612461184353,71.73205241482674,14693.34525492888,7.35,High,Restrict User Activity & Monitor Logs | Lock Account & Alert | Limit Data Transfer,1
ISSUE-0807,KEY-0807,Weak Access Controls on Critical Cloud Resources,1,Cloud Security Posture,Medium,Closed,Reporter 2,Assignee 16,2024-01-03 19:44:00,2024-03-07 19:44:00.000000,64,10,Critical,IT,Steps to resolve Weak Access Controls on Critical Cloud Resources,60467.17568061783,KRI,User_49,2024-01-03 20:58:00,login,AU,CANADA,64,42,86.72080958098243,1573.5830002976745,50.14459532554578,7787.808062468257,6.3,Medium,Routine Monitoring | Limit Data Transfer,1
ISSUE-0808,KEY-0808,Ineffective Access Controls in High-Sensitivity Areas,1,Control Effectiveness,Critical,Open,Reporter 2,Assignee 11,2025-05-24 04:13:00,2026-03-06 04:52:05.816519,146,10,Critical,Finance,Steps to resolve Ineffective Access Controls in High-Sensitivity Areas,148432.89934023793,KPI,User_76,2025-05-25 01:35:00,login,USA,JP,77,23,42.546301444176734,698.9827900163694,93.56241800446745,9955.830784980908,7.85,High,Escalate to SOC & Restrict Critical System Access | Lock Account & Alert | Limit Data Transfer,1
ISSUE-0809,KEY-0809,High Frequency of Policy Violations,1,Management Oversight,Medium,In Progress,Reporter 6,Assignee 20,2024-03-08 08:51:00,2025-12-10 04:52:05.816519,120,10,Critical,Sales,Steps to resolve High Frequency of Policy Violations,59556.2133724615,KPI,User_61,2024-03-08 14:26:00,data_modification,USA,CANADA,2497,87,44.48102111752371,7.387927418888932,52.18470721487401,31166.67260714128,6.25,Medium,Routine Monitoring,1
ISSUE-0810,KEY-0810,Significant Number of Untracked Devices,1,Asset Inventory Accuracy,Critical,In Progress,Reporter 6,Assignee 20,2025-09-26 00:40:00,2026-05-26 04:52:05.816519,148,10,Critical,Legal,Steps to resolve Significant Number of Untracked Devices,70925.14535806119,KPI,User_64,2025-09-26 00:48:00,file_access,JP,AU,21503,139,43.92638497714331,618.1089756155873,100.0,221879.86534909203,8.0,High,Escalate to SOC & Restrict Critical System Access | Lock Account & Alert | Limit Data Transfer,1
ISSUE-0811,KEY-0811,Unanticipated Increase in Risk Exposure,1,Risk Exposure,Critical,Open,Reporter 3,Assignee 12,2023-12-03 05:06:00,2025-12-20 04:52:05.816519,93,10,Critical,HR,Steps to resolve Unanticipated Increase in Risk Exposure,94258.96837758707,KRI,User_20,2023-12-04 04:45:00,data_modification,AU,FR,2490,140,63.27011634589614,5557.883442487649,83.87696092363005,30754.8967594717,7.85,High,Escalate to SOC & Restrict Critical System Access | Lock Account & Alert | Limit Data Transfer,1
ISSUE-0812,KEY-0812,Weak Access Controls on Critical Cloud Resources,1,Cloud Security Posture,Critical,In Progress,Reporter 10,Assignee 19,2023-09-08 01:18:00,2026-03-06 04:52:05.816519,388,10,Critical,External Contractors,Steps to resolve Weak Access Controls on Critical Cloud Resources,88048.86561528851,KRI,User_57,2023-09-08 07:33:00,data_modification,EU,IN,1451,151,55.2905050599334,52.992243216184626,63.60988153007643,22866.904204083403,7.75,High,Escalate to SOC & Restrict Critical System Access | Lock Account & Alert,1
ISSUE-0813,KEY-0813,Multiple Unauthorized Access Attempts Detected,1,Access Control,Medium,Open,Reporter 6,Assignee 3,2024-09-29 21:57:00,2026-04-01 04:52:05.816519,48,10,Critical,Sales,Steps to resolve Multiple Unauthorized Access Attempts Detected,61287.90533914828,KPI,User_16,2024-09-30 19:30:00,login,AU,EU,574,41,90.80545113229954,132.47876208999452,61.0760605605895,11817.460509240778,6.6,Medium,Routine Monitoring | Limit Data Transfer,1
ISSUE-0814,KEY-0814,Lack of Updated Risk Management Procedures,1,Risk Management Maturity,Medium,In Progress,Reporter 3,Assignee 11,2023-12-23 10:00:00,2026-04-28 04:52:05.816519,71,10,Critical,IT,Steps to resolve Lack of Updated Risk Management Procedures,60000.9971114727,KPI,User_96,2023-12-24 02:16:00,file_access,Unknown,EU,2561,177,59.44564146055221,37.195716222204005,67.85930917637809,38527.80462419764,6.3999999999999995,Medium,Routine Monitoring,1
ISSUE-0815,KEY-0815,Malware Detected in Core System Components,1,Malware,Critical,Open,Reporter 9,Assignee 13,2023-07-26 23:52:00,2026-02-01 04:52:05.816519,132,10,Critical,Finance,Steps to resolve Malware Detected in Core System Components,294049.94130965,KRI,User_3,2023-07-27 11:47:00,data_modification,USA,DE,1458,105,64.71314156032878,831.1655307295309,74.0292664279443,21186.99307082918,7.85,High,Escalate to SOC & Restrict Critical System Access | Lock Account & Alert | Limit Data Transfer,1
ISSUE-0816,KEY-0816,Unassessed High-Risk Areas,1,Risk Assessment Coverage,Medium,Closed,Reporter 3,Assignee 17,2025-07-27 01:43:00,2025-09-06 01:43:00.000000,41,10,Critical,C-Suite Executives,Steps to resolve Unassessed High-Risk Areas,53220.60454671268,KPI,User_36,2025-07-27 13:32:00,login,CANADA,UK,186,24,40.62448773024729,1.0,55.38454912722522,7722.630557153592,6.1,Medium,Routine Monitoring,1
ISSUE-0817,KEY-0817,Significant Number of Untracked Devices,1,Asset Inventory Accuracy,Critical,Closed,Reporter 3,Assignee 20,2025-04-11 02:40:00,2025-04-24 02:40:00.000000,13,10,Critical,External Contractors,Steps to resolve Significant Number of Untracked Devices,89135.64102832113,KPI,User_61,2025-04-11 02:57:00,file_access,Unknown,CN,3016,117,34.26451633547366,39.82684609170571,100.0,34651.81012952731,7.8,High,Escalate to SOC & Restrict Critical System Access | Lock Account & Alert,1
ISSUE-0818,KEY-0818,Unusual Data Transfer Volumes Detected,1,Data Breach,Critical,Closed,Reporter 5,Assignee 1,2023-11-26 00:28:00,2023-12-29 00:28:00.000000,33,10,Critical,Finance,Steps to resolve Unusual Data Transfer Volumes Detected,394434.6843512479,KRI,User_60,2023-11-26 04:48:00,file_access,EU,JP,51,141,88.03538281780108,1134.8245598625608,68.50299190778497,13218.031796675665,7.85,High,Escalate to SOC & Restrict Critical System Access | Lock Account & Alert | Limit Data Transfer,1
ISSUE-0819,KEY-0819,Unanticipated Increase in Risk Exposure,1,Risk Exposure,High,In Progress,Reporter 4,Assignee 10,2024-07-21 23:37:00,2026-04-27 04:52:05.816519,264,10,Critical,Finance,Steps to resolve Unanticipated Increase in Risk Exposure,90591.60879303352,KRI,User_31,2024-07-22 20:24:00,data_modification,Unknown,EU,43,116,63.584625274964154,3240.687711976453,58.053012492900734,7593.470710334847,7.05,High,Restrict User Activity & Monitor Logs | Lock Account & Alert | Limit Data Transfer,1
ISSUE-0820,KEY-0820,Supplier Network Breach Exposure,1,Procurement Security,Critical,In Progress,Reporter 6,Assignee 3,2024-06-28 02:53:00,2026-05-17 04:52:05.816519,156,10,Critical,Sales,Steps to resolve Supplier Network Breach Exposure,158780.8273552643,KPI,User_46,2024-06-28 16:13:00,data_modification,UK,JP,853,67,42.48580979587643,771.441101788777,52.623295059798195,15365.648594354152,7.7,High,Escalate to SOC & Restrict Critical System Access | Lock Account & Alert | Limit Data Transfer,1
ISSUE-0821,KEY-0821,Unassessed High-Risk Areas,1,Risk Assessment Coverage,High,Closed,Reporter 3,Assignee 10,2025-07-01 08:42:00,2025-07-14 08:42:00.000000,13,10,Critical,HR,Steps to resolve Unassessed High-Risk Areas,57235.396798336355,KPI,User_35,2025-07-01 13:30:00,login,CN,DE,168,27,47.54562320075242,273.6048592947011,32.50420486786218,8601.151602544534,7.05,High,Restrict User Activity & Monitor Logs | Lock Account & Alert | Limit Data Transfer,1
ISSUE-0822,KEY-0822,Targeted Phishing Campaign Against Executives,1,Phishing Attack,Critical,In Progress,Reporter 10,Assignee 2,2025-02-21 02:10:00,2025-12-09 04:52:05.816519,414,10,Critical,Legal,Steps to resolve Targeted Phishing Campaign Against Executives,63884.81150987772,KRI,User_74,2025-02-21 08:37:00,file_access,CANADA,UK,1164,84,24.194011132246615,530.5887834745042,64.38100615861596,16567.980563356126,7.85,High,Escalate to SOC & Restrict Critical System Access | Lock Account & Alert | Limit Data Transfer,1
ISSUE-0823,KEY-0823,Unanticipated Increase in Risk Exposure,1,Risk Exposure,Critical,In Progress,Reporter 5,Assignee 2,2023-09-04 21:41:00,2025-11-28 04:52:05.816519,360,10,Critical,External Contractors,Steps to resolve Unanticipated Increase in Risk Exposure,90720.21093357021,KRI,User_10,2023-09-04 23:46:00,data_modification,UK,FR,4252,173,43.23742611942706,1334.231715895735,83.22218031539948,54080.02222692877,7.85,High,Escalate to SOC & Restrict Critical System Access | Lock Account & Alert | Limit Data Transfer,1
ISSUE-0824,KEY-0824,Newly Discovered Vulnerabilities in Core Systems,1,System Vulnerability,Medium,Open,Reporter 7,Assignee 10,2025-07-04 08:14:00,2026-01-29 04:52:05.816519,15,10,Critical,IT,Steps to resolve Newly Discovered Vulnerabilities in Core Systems,61701.487307733456,KPI,User_99,2025-07-04 10:47:00,login,IN,CN,1242,27,37.873226479810334,13.370295129386907,73.48102709658276,19422.304866619663,6.3999999999999995,Medium,Routine Monitoring,1
ISSUE-0825,KEY-0825,Significant Number of Untracked Devices,1,Asset Inventory Accuracy,Critical,Closed,Reporter 5,Assignee 11,2025-07-30 06:02:00,2026-01-05 06:02:00.000000,159,10,Critical,Operations,Steps to resolve Significant Number of Untracked Devices,153495.89015217495,KPI,User_24,2025-07-30 21:30:00,data_modification,EU,AU,2949,145,70.3520400622477,14436.59659526838,49.75447268202471,41058.27168852082,7.7,High,Escalate to SOC & Restrict Critical System Access | Lock Account & Alert | Limit Data Transfer,1
ISSUE-0826,KEY-0826,Sudden Increase in Unfiltered Traffic,1,Network Security,High,Open,Reporter 4,Assignee 11,2025-02-22 04:45:00,2026-05-22 04:52:05.816519,274,10,Critical,Finance,Steps to resolve Sudden Increase in Unfiltered Traffic,92928.21699781998,KPI,User_25,2025-02-22 05:49:00,file_access,JP,Unknown,5287,111,57.44277152800463,208.75469179617863,81.75670702135321,60672.59458590624,7.35,High,Restrict User Activity & Monitor Logs | Lock Account & Alert | Limit Data Transfer,1
ISSUE-0827,KEY-0827,Supplier Network Breach Exposure,1,Procurement Security,Critical,In Progress,Reporter 3,Assignee 6,2024-06-08 12:09:00,2026-02-19 04:52:05.816519,141,10,Critical,C-Suite Executives,Steps to resolve Supplier Network Breach Exposure,144013.55159584997,KPI,User_20,2024-06-09 06:04:00,file_access,UK,Unknown,3651,138,79.42294761042845,796.2338106028872,49.73601399387045,46348.36276720866,7.7,High,Escalate to SOC & Restrict Critical System Access | Lock Account & Alert | Limit Data Transfer,1
ISSUE-0828,KEY-0828,Unusual Data Transfer Volumes Detected,1,Data Breach,Critical,Open,Reporter 6,Assignee 18,2023-01-26 20:38:00,2026-01-03 04:52:05.816519,53,10,Critical,Finance,Steps to resolve Unusual Data Transfer Volumes Detected,393247.0899623583,KRI,User_29,2023-01-27 17:08:00,data_modification,JP,CN,3166,113,79.58698283947696,836.5708376938983,72.26000025419864,37988.70041483827,7.85,High,Escalate to SOC & Restrict Critical System Access | Lock Account & Alert | Limit Data Transfer,1
ISSUE-0829,KEY-0829,Potential Non-Compliance Detected in Sensitive Data Handling,1,Legal Compliance,Critical,Resolved,Reporter 3,Assignee 13,2023-07-07 14:31:00,2023-10-26 14:31:00.000000,111,10,Critical,C-Suite Executives,Steps to resolve Potential Non-Compliance Detected in Sensitive Data Handling,138771.55034500215,KRI,User_97,2023-07-08 01:37:00,file_access,Unknown,UK,1274,96,64.30920143525907,3186.3966304749547,82.41532579288395,22740.788211462434,7.85,High,Escalate to SOC & Restrict Critical System Access | Lock Account & Alert | Limit Data Transfer,1
ISSUE-0830,KEY-0830,Targeted Phishing Campaign Against Executives,1,Phishing Attack,Critical,Resolved,Reporter 3,Assignee 11,2025-09-09 23:39:00,2025-11-09 23:39:00.000000,61,10,Critical,Finance,Steps to resolve Targeted Phishing Campaign Against Executives,149684.81782293864,KRI,User_11,2025-09-10 08:52:00,data_modification,Unknown,AU,94,91,65.8479008648947,8706.90890315731,60.11044945992593,9116.781693976609,7.699999999999999,High,Escalate to SOC & Restrict Critical System Access | Lock Account & Alert | Limit Data Transfer,1
ISSUE-0831,KEY-0831,Critical Issues Not Detected in Last Penetration Test,1,Penetration Testing Effectiveness,Critical,Open,Reporter 8,Assignee 4,2024-09-17 11:52:00,2026-03-12 04:52:05.816519,12,10,Critical,External Contractors,Steps to resolve Critical Issues Not Detected in Last Penetration Test,80736.74489172515,KPI,User_74,2024-09-17 15:18:00,file_access,CN,USA,619,97,20.69284029862635,447.7405025461046,66.3628725083897,15500.705997277284,7.85,High,Escalate to SOC & Restrict Critical System Access | Lock Account & Alert | Limit Data Transfer,1
ISSUE-0832,KEY-0832,Spike in Unauthorized Access Attempts,1,Unauthorized Access,Medium,Closed,Reporter 1,Assignee 16,2024-05-15 11:24:00,2024-09-25 11:24:00.000000,133,10,Critical,HR,Steps to resolve Spike in Unauthorized Access Attempts,97213.45905895687,KRI,User_44,2024-05-16 09:12:00,data_modification,JP,Unknown,2620,152,62.860612486720356,931.7481176094307,60.20531535617525,37227.342485883295,6.6,Medium,Routine Monitoring | Limit Data Transfer,1
ISSUE-0833,KEY-0833,Sudden Increase in Unfiltered Traffic,1,Network Security,High,In Progress,Reporter 1,Assignee 1,2025-09-19 18:36:00,2026-05-08 04:52:05.816519,104,10,Critical,Finance,Steps to resolve Sudden Increase in Unfiltered Traffic,95833.09643985446,KPI,User_59,2025-09-20 09:30:00,file_access,AU,IN,309,162,85.80615366045487,33.839997284824065,60.30295210897966,10738.97128892856,7.1499999999999995,High,Restrict User Activity & Monitor Logs | Lock Account & Alert,1
ISSUE-0834,KEY-0834,Unusual Data Access from External Locations,1,Data Leak,High,Open,Reporter 7,Assignee 8,2024-01-03 23:47:00,2026-02-21 04:52:05.816519,173,10,Critical,IT,Steps to resolve Unusual Data Access from External Locations,77183.94648210058,KRI,User_53,2024-01-04 00:39:00,login,USA,EU,168,41,75.13991737333984,12.67280089337708,61.59024623357087,9053.674641225492,6.999999999999999,Medium,Schedule Investigation,1
ISSUE-0835,KEY-0835,Spike in Unauthorized Access Attempts,1,Unauthorized Access,Low,Open,Reporter 10,Assignee 3,2024-12-09 14:43:00,2026-01-16 04:52:05.816519,156,10,Critical,HR,Steps to resolve Spike in Unauthorized Access Attempts,63777.960804254275,KRI,User_78,2024-12-09 23:52:00,file_access,JP,CN,617,88,43.53083177401281,27.406706879978696,61.52359185877339,13762.178046355757,5.6499999999999995,Medium,Log Activity for Reference,1
ISSUE-0836,KEY-0836,High Frequency of Policy Violations,1,Management Oversight,Low,Resolved,Reporter 10,Assignee 14,2023-02-16 06:39:00,2023-03-14 06:39:00.000000,26,10,Critical,HR,Steps to resolve High Frequency of Policy Violations,26201.543201888067,KPI,User_25,2023-02-16 20:18:00,data_modification,DE,JP,810,116,44.96318487333002,988.0486600462373,100.0,16843.284729536557,6.0,Medium,Log Activity for Reference | Limit Data Transfer,1
ISSUE-0837,KEY-0837,Significant Number of Untracked Devices,1,Asset Inventory Accuracy,Low,Resolved,Reporter 10,Assignee 10,2024-07-15 00:31:00,2024-10-04 00:31:00.000000,81,10,Critical,Operations,Steps to resolve Significant Number of Untracked Devices,49059.14126430749,KPI,User_93,2024-07-15 07:29:00,file_access,USA,DE,3237,138,55.93310717290596,100.04903387696446,58.857701741165656,45238.644398461525,5.7,Medium,Log Activity for Reference | Limit Data Transfer,1
ISSUE-0838,KEY-0838,Critical Issues Not Detected in Last Penetration Test,1,Penetration Testing Effectiveness,Critical,Open,Reporter 1,Assignee 15,2024-08-14 08:52:00,2026-04-22 04:52:05.816519,38,10,Critical,Operations,Steps to resolve Critical Issues Not Detected in Last Penetration Test,158912.9512615298,KPI,User_5,2024-08-14 12:43:00,file_access,Unknown,CANADA,326,147,68.2016167988431,386.5949260429464,53.62362845949168,9208.909218345561,7.55,High,Escalate to SOC & Restrict Critical System Access | Lock Account & Alert | Limit Data Transfer,1
ISSUE-0839,KEY-0839,Targeted Phishing Campaign Against Executives,1,Phishing Attack,High,Resolved,Reporter 4,Assignee 18,2025-08-22 04:45:00,2026-01-21 04:45:00.000000,152,10,Critical,External Contractors,Steps to resolve Targeted Phishing Campaign Against Executives,55676.77766110998,KRI,User_73,2025-08-22 17:58:00,file_access,USA,FR,1065,100,27.722617638040024,759.6319229593337,52.67089334431657,19323.708463567476,7.2,High,Restrict User Activity & Monitor Logs | Lock Account & Alert | Limit Data Transfer,1
ISSUE-0840,KEY-0840,Significant Number of Untracked Devices,1,Asset Inventory Accuracy,Critical,Closed,Reporter 4,Assignee 13,2025-08-12 06:53:00,2025-08-13 06:53:00.000000,1,10,Critical,Sales,Steps to resolve Significant Number of Untracked Devices,154845.599589125,KPI,User_40,2025-08-13 03:09:00,login,AU,FR,3320,34,80.14645947153579,1433.4709979989539,53.553590417849975,40267.60512060655,7.3,High,Escalate to SOC & Restrict Critical System Access | Lock Account & Alert | Limit Data Transfer,1
ISSUE-0841,KEY-0841,Ineffective Access Controls in High-Sensitivity Areas,1,Control Effectiveness,Critical,Closed,Reporter 6,Assignee 17,2025-04-10 04:54:00,2025-11-13 04:54:00.000000,217,10,Critical,C-Suite Executives,Steps to resolve Ineffective Access Controls in High-Sensitivity Areas,149383.83266621165,KPI,User_95,2025-04-11 00:14:00,data_modification,CN,CANADA,16146,124,79.04483401577109,1576.2275665015645,100.0,170566.00481892825,8.0,High,Escalate to SOC & Restrict Critical System Access | Lock Account & Alert | Limit Data Transfer,1
ISSUE-0842,KEY-0842,Newly Discovered Vulnerabilities in Core Systems,1,System Vulnerability,Critical,In Progress,Reporter 9,Assignee 18,2025-09-03 01:45:00,2026-05-11 04:52:05.816519,142,10,Critical,Finance,Steps to resolve Newly Discovered Vulnerabilities in Core Systems,144383.75784566248,KPI,User_44,2025-09-03 08:07:00,data_modification,UK,USA,4134,127,75.92121101118856,179.59720275680172,79.14487947688893,45530.39885449679,7.85,High,Escalate to SOC & Restrict Critical System Access | Lock Account & Alert | Limit Data Transfer,1
ISSUE-0843,KEY-0843,Unusual Data Transfer Volumes Detected,1,Data Breach,High,Closed,Reporter 9,Assignee 10,2024-01-18 23:43:00,2024-04-16 23:43:00.000000,89,10,Critical,HR,Steps to resolve Unusual Data Transfer Volumes Detected,144848.92440177657,KRI,User_11,2024-01-19 07:07:00,file_access,FR,IN,3116,126,43.91336204721412,490.02688493749446,60.91384091554494,36829.3352257262,7.35,High,Restrict User Activity & Monitor Logs | Lock Account & Alert | Limit Data Transfer,1
ISSUE-0844,KEY-0844,Unanticipated Increase in Risk Exposure,1,Risk Exposure,Critical,Closed,Reporter 8,Assignee 13,2023-06-01 10:08:00,2023-07-21 10:08:00.000000,50,10,Critical,Legal,Steps to resolve Unanticipated Increase in Risk Exposure,67612.1306387437,KRI,User_15,2023-06-02 04:31:00,file_access,AU,DE,3052,118,44.802156032114546,323.4976689707313,65.2578264724319,39656.60934796495,7.85,High,Escalate to SOC & Restrict Critical System Access | Lock Account & Alert | Limit Data Transfer,1
ISSUE-0845,KEY-0845,Targeted Phishing Campaign Against Executives,1,Phishing Attack,High,In Progress,Reporter 9,Assignee 11,2025-02-17 11:04:00,2025-12-03 04:52:05.816519,142,10,Critical,External Contractors,Steps to resolve Targeted Phishing Campaign Against Executives,52677.295830337156,KRI,User_60,2025-02-18 00:40:00,file_access,DE,IN,504,184,53.76843619547587,658.2771249751413,68.12250400563704,13017.580942895856,7.35,High,Restrict User Activity & Monitor Logs | Lock Account & Alert | Limit Data Transfer,1
ISSUE-0846,KEY-0846,Unanticipated Increase in Risk Exposure,1,Risk Exposure,High,Closed,Reporter 4,Assignee 9,2024-03-03 06:34:00,2024-03-04 06:34:00.000000,1,10,Critical,Operations,Steps to resolve Unanticipated Increase in Risk Exposure,90920.55147734453,KRI,User_93,2024-03-04 00:49:00,file_access,IN,EU,1497,153,68.93310717290596,3295.0401351004757,83.04138150341316,23499.441687174476,6.949999999999999,Medium,Schedule Investigation | Limit Data Transfer,1
ISSUE-0847,KEY-0847,Ineffective Access Controls in High-Sensitivity Areas,1,Control Effectiveness,Medium,Closed,Reporter 6,Assignee 8,2023-05-02 08:57:00,2023-07-13 08:57:00.000000,72,10,Critical,Legal,Steps to resolve Ineffective Access Controls in High-Sensitivity Areas,20167.519274693856,KPI,User_90,2023-05-03 03:24:00,data_modification,EU,AU,15991,163,55.415892460171456,427.6799475388498,100.0,167629.05299530586,6.75,Medium,Routine Monitoring | Limit Data Transfer,1
ISSUE-0848,KEY-0848,Potential Non-Compliance Detected in Sensitive Data Handling,1,Legal Compliance,Critical,In Progress,Reporter 10,Assignee 1,2025-09-04 05:24:00,2026-02-16 04:52:05.816519,219,10,Critical,Finance,Steps to resolve Potential Non-Compliance Detected in Sensitive Data Handling,150165.0661958178,KRI,User_44,2025-09-04 11:49:00,file_access,DE,UK,2025,140,69.92121101118856,4468.6993854179855,100.0,27831.69901545901,8.0,High,Escalate to SOC & Restrict Critical System Access | Lock Account & Alert | Limit Data Transfer,1
ISSUE-0849,KEY-0849,Significant Number of Untracked Devices,1,Asset Inventory Accuracy,High,Closed,Reporter 5,Assignee 6,2024-12-16 04:51:00,2025-01-26 04:51:00.000000,41,10,Critical,Operations,Steps to resolve Significant Number of Untracked Devices,98340.14455170733,KPI,User_50,2024-12-16 09:23:00,file_access,EU,UK,1094,190,76.2136744343892,135.6587639731638,83.17276822203435,16972.99313679718,7.35,High,Restrict User Activity & Monitor Logs | Lock Account & Alert | Limit Data Transfer,1
ISSUE-0850,KEY-0850,Unanticipated Increase in Risk Exposure,1,Risk Exposure,Critical,Resolved,Reporter 2,Assignee 6,2023-08-02 15:55:00,2023-12-18 15:55:00.000000,138,10,Critical,Legal,Steps to resolve Unanticipated Increase in Risk Exposure,59541.05291600322,KRI,User_60,2023-08-03 01:02:00,login,CANADA,AU,85,38,39.30168670225808,74.31792191566164,56.62306281616362,8167.72215727709,7.45,High,Escalate to SOC & Restrict Critical System Access | Lock Account & Alert,1
ISSUE-0851,KEY-0851,Sudden Increase in Unfiltered Traffic,1,Network Security,Critical,Open,Reporter 3,Assignee 10,2023-05-15 02:04:00,2026-02-01 04:52:05.816519,324,10,Critical,Legal,Steps to resolve Sudden Increase in Unfiltered Traffic,70521.5840375209,KPI,User_80,2023-05-15 19:31:00,file_access,USA,Unknown,3274,175,46.508567194607096,1220.4590491516835,77.00717562203863,39872.50960769791,7.85,High,Escalate to SOC & Restrict Critical System Access | Lock Account & Alert | Limit Data Transfer,1
ISSUE-0852,KEY-0852,Unanticipated Increase in Risk Exposure,1,Risk Exposure,Critical,Resolved,Reporter 3,Assignee 17,2023-04-16 19:19:00,2023-06-14 19:19:00.000000,59,10,Critical,HR,Steps to resolve Unanticipated Increase in Risk Exposure,105321.79491475661,KRI,User_36,2023-04-17 15:15:00,data_modification,AU,DE,9142,66,42.892485593794206,77905.62118896397,100.0,98913.83233797812,8.0,High,Escalate to SOC & Restrict Critical System Access | Lock Account & Alert | Limit Data Transfer,1
ISSUE-0853,KEY-0853,Critical Issues Not Detected in Last Penetration Test,1,Penetration Testing Effectiveness,Low,Resolved,Reporter 5,Assignee 16,2023-06-03 04:32:00,2023-08-12 04:32:00.000000,70,10,Critical,Legal,Steps to resolve Critical Issues Not Detected in Last Penetration Test,9444.413160109722,KPI,User_56,2023-06-03 21:59:00,data_modification,USA,UK,1297,82,41.26587725722172,130.61956910293873,77.26749813610856,19164.504000480272,5.85,Medium,Log Activity for Reference | Limit Data Transfer,1
ISSUE-0854,KEY-0854,Critical Issues Not Detected in Last Penetration Test,1,Penetration Testing Effectiveness,Critical,In Progress,Reporter 2,Assignee 18,2024-05-14 05:49:00,2026-04-10 04:52:05.816519,307,10,Critical,Finance,Steps to resolve Critical Issues Not Detected in Last Penetration Test,143508.7515546383,KPI,User_51,2024-05-14 23:05:00,data_modification,EU,FR,186,61,38.162392697241486,1472.7096502536624,43.054166318696055,7057.185389111074,7.55,High,Escalate to SOC & Restrict Critical System Access | Lock Account & Alert | Limit Data Transfer,1
ISSUE-0855,KEY-0855,High Frequency of Policy Violations,1,Management Oversight,High,In Progress,Reporter 10,Assignee 18,2024-07-01 00:30:00,2026-03-14 04:52:05.816519,177,10,Critical,Sales,Steps to resolve High Frequency of Policy Violations,98796.52030915614,KPI,User_28,2024-07-01 18:35:00,data_modification,DE,Unknown,5411,159,79.77470195676244,179.73852956284242,63.486999020484525,65272.289387311605,7.35,High,Restrict User Activity & Monitor Logs | Lock Account & Alert | Limit Data Transfer,1
ISSUE-0856,KEY-0856,Weak Access Controls on Critical Cloud Resources,1,Cloud Security Posture,Critical,Closed,Reporter 5,Assignee 15,2025-08-28 18:31:00,2026-02-19 18:31:00.000000,175,10,Critical,Sales,Steps to resolve Weak Access Controls on Critical Cloud Resources,158363.21222451242,KRI,User_54,2025-08-29 12:54:00,data_modification,FR,USA,8498,96,53.38765262448409,1094.9055032369824,80.81032919889114,92296.63022343467,7.85,High,Escalate to SOC & Restrict Critical System Access | Lock Account & Alert | Limit Data Transfer,1
ISSUE-0857,KEY-0857,Delayed Patching of Critical Vulnerabilities,1,Vulnerability Remediation,High,Open,Reporter 2,Assignee 18,2025-03-29 19:35:00,2026-03-26 04:52:05.816519,146,10,Critical,Legal,Steps to resolve Delayed Patching of Critical Vulnerabilities,27853.730661397778,KPI,User_46,2025-03-30 07:03:00,data_modification,AU,FR,763,58,39.248376611009725,1894.3100556899344,83.68611382901507,15351.57292784993,7.35,High,Restrict User Activity & Monitor Logs | Lock Account & Alert | Limit Data Transfer,1
ISSUE-0858,KEY-0858,Significant Number of Untracked Devices,1,Asset Inventory Accuracy,High,In Progress,Reporter 1,Assignee 11,2023-05-10 04:47:00,2026-02-12 04:52:05.816519,177,10,Critical,External Contractors,Steps to resolve Significant Number of Untracked Devices,47298.015737762544,KPI,User_11,2023-05-11 01:09:00,data_modification,JP,IN,3634,120,41.00467631329121,985.018369029882,86.93893618910978,44100.712730441344,7.5,High,Restrict User Activity & Monitor Logs | Lock Account & Alert | Limit Data Transfer,1
ISSUE-0859,KEY-0859,Lack of Updated Risk Management Procedures,1,Risk Management Maturity,Low,Closed,Reporter 7,Assignee 6,2025-05-12 16:29:00,2025-06-09 16:29:00.000000,28,10,Critical,External Contractors,Steps to resolve Lack of Updated Risk Management Procedures,29503.28572106589,KPI,User_70,2025-05-12 20:40:00,file_access,EU,DE,3167,170,50.193162593952046,934.9794956096465,83.77502862469558,39288.41144605653,5.85,Medium,Log Activity for Reference | Limit Data Transfer,1
ISSUE-0860,KEY-0860,Sudden Increase in Unfiltered Traffic,1,Network Security,High,In Progress,Reporter 4,Assignee 10,2023-07-04 01:07:00,2025-12-28 04:52:05.816519,34,10,Critical,IT,Steps to resolve Sudden Increase in Unfiltered Traffic,82347.75607940363,KPI,User_30,2023-07-04 11:16:00,data_modification,UK,CN,1163,76,37.776653173404085,138.37276769374563,73.31242272149488,16712.98948505901,7.35,High,Restrict User Activity & Monitor Logs | Lock Account & Alert | Limit Data Transfer,1
ISSUE-0861,KEY-0861,Sudden Increase in Unfiltered Traffic,1,Network Security,Critical,In Progress,Reporter 10,Assignee 8,2024-08-16 05:37:00,2026-03-29 04:52:05.816519,213,10,Critical,Legal,Steps to resolve Sudden Increase in Unfiltered Traffic,63504.1396786835,KPI,User_72,2024-08-16 20:25:00,file_access,UK,CN,4633,100,42.45488097475658,135.55755492035382,78.35910888518629,55279.7417925982,7.85,High,Escalate to SOC & Restrict Critical System Access | Lock Account & Alert | Limit Data Transfer,1
ISSUE-0862,KEY-0862,Critical Issues Not Detected in Last Penetration Test,1,Penetration Testing Effectiveness,Critical,Open,Reporter 2,Assignee 10,2025-08-03 04:31:00,2026-03-28 04:52:05.816519,374,10,Critical,Finance,Steps to resolve Critical Issues Not Detected in Last Penetration Test,152742.09370399688,KPI,User_79,2025-08-03 17:45:00,data_modification,USA,AU,4398,139,69.61738053646253,1364.3114821010458,89.95318245519086,51674.59814213107,8.0,High,Escalate to SOC & Restrict Critical System Access | Lock Account & Alert | Limit Data Transfer,1
ISSUE-0863,KEY-0863,Ineffective Access Controls in High-Sensitivity Areas,1,Control Effectiveness,High,Resolved,Reporter 1,Assignee 11,2025-02-14 02:08:00,2025-04-03 02:08:00.000000,48,10,Critical,External Contractors,Steps to resolve Ineffective Access Controls in High-Sensitivity Areas,46549.07459879831,KPI,User_70,2025-02-14 09:27:00,data_modification,DE,IN,3545,114,51.193162593952046,3969.591608034664,79.60855379973104,43436.81832021667,7.35,High,Restrict User Activity & Monitor Logs | Lock Account & Alert | Limit Data Transfer,1
ISSUE-0864,KEY-0864,Spike in Unauthorized Access Attempts,1,Unauthorized Access,Critical,In Progress,Reporter 1,Assignee 9,2023-08-29 21:29:00,2026-01-16 04:52:05.816519,159,10,Critical,Operations,Steps to resolve Spike in Unauthorized Access Attempts,359485.32536631625,KRI,User_86,2023-08-30 20:57:00,data_modification,JP,Unknown,74,80,60.19375469043085,1091.7296058357883,76.08451324572462,10807.571445100371,7.85,High,Escalate to SOC & Restrict Critical System Access | Lock Account & Alert | Limit Data Transfer,1
ISSUE-0865,KEY-0865,Potential Non-Compliance Detected in Sensitive Data Handling,1,Legal Compliance,High,Open,Reporter 3,Assignee 12,2023-08-09 18:41:00,2026-03-31 04:52:05.816519,114,10,Critical,Legal,Steps to resolve Potential Non-Compliance Detected in Sensitive Data Handling,34402.695190560386,KRI,User_53,2023-08-10 00:08:00,data_modification,FR,Unknown,4248,115,34.06846542566477,1180.6135750505036,100.0,48983.48791888498,7.5,High,Restrict User Activity & Monitor Logs | Lock Account & Alert | Limit Data Transfer,1
ISSUE-0866,KEY-0866,Spike in Unauthorized Access Attempts,1,Unauthorized Access,Medium,Closed,Reporter 5,Assignee 10,2023-11-02 05:11:00,2024-01-04 05:11:00.000000,63,10,Critical,C-Suite Executives,Steps to resolve Spike in Unauthorized Access Attempts,133226.02076400022,KRI,User_3,2023-11-03 03:55:00,data_modification,CANADA,JP,1929,107,58.69471809285855,76.67528584939177,74.30593811707365,28455.781510677,6.5,Medium,Routine Monitoring,1
ISSUE-0867,KEY-0867,Lack of Updated Risk Management Procedures,1,Risk Management Maturity,Low,Resolved,Reporter 4,Assignee 17,2025-03-29 01:48:00,2025-05-13 01:48:00.000000,45,10,Critical,Sales,Steps to resolve Lack of Updated Risk Management Procedures,45152.167230896506,KPI,User_84,2025-03-29 22:00:00,file_access,CN,USA,1907,142,72.71701185418782,795.408650869296,51.27776794433137,24172.77105646744,5.7,Medium,Log Activity for Reference | Limit Data Transfer,1
ISSUE-0868,KEY-0868,Weak Access Controls on Critical Cloud Resources,1,Cloud Security Posture,High,Open,Reporter 2,Assignee 5,2025-05-13 16:34:00,2026-04-10 04:52:05.816519,241,10,Critical,Finance,Steps to resolve Weak Access Controls on Critical Cloud Resources,78243.97995831732,KRI,User_7,2025-05-14 15:48:00,file_access,FR,CANADA,1047,83,45.54938467852837,302.6266648838277,44.001787902719876,19948.984820526457,7.2,High,Restrict User Activity & Monitor Logs | Lock Account & Alert | Limit Data Transfer,1
ISSUE-0869,KEY-0869,Potential Non-Compliance Detected in Sensitive Data Handling,1,Legal Compliance,Critical,Resolved,Reporter 5,Assignee 15,2023-10-07 02:56:00,2023-11-30 02:56:00.000000,54,10,Critical,External Contractors,Steps to resolve Potential Non-Compliance Detected in Sensitive Data Handling,87831.94870306682,KRI,User_87,2023-10-07 13:39:00,data_modification,AU,IN,6001,164,42.61828277298249,1435.395663086896,85.64427570637443,68090.23277143201,8.0,High,Escalate to SOC & Restrict Critical System Access | Lock Account & Alert | Limit Data Transfer,1
ISSUE-0870,KEY-0870,Supplier Network Breach Exposure,1,Procurement Security,Low,Resolved,Reporter 3,Assignee 2,2024-12-12 10:45:00,2025-01-29 10:45:00.000000,48,10,Critical,Legal,Steps to resolve Supplier Network Breach Exposure,18073.834486056086,KPI,User_56,2024-12-12 22:26:00,login,UK,JP,1397,37,32.26587725722172,185.6086385264009,60.99758221586035,22026.944568184375,5.85,Medium,Log Activity for Reference | Limit Data Transfer,1
ISSUE-0871,KEY-0871,Supplier Network Breach Exposure,1,Procurement Security,Critical,Open,Reporter 7,Assignee 15,2023-06-16 21:07:00,2026-04-08 04:52:05.816519,35,10,Critical,Sales,Steps to resolve Supplier Network Breach Exposure,150152.86631346343,KPI,User_92,2023-06-17 19:58:00,file_access,CN,EU,1604,97,51.609845305563304,816.8953603373801,66.71227501643708,23071.60520441297,7.85,High,Escalate to SOC & Restrict Critical System Access | Lock Account & Alert | Limit Data Transfer,1
ISSUE-0872,KEY-0872,Malware Detected in Core System Components,1,Malware,High,In Progress,Reporter 8,Assignee 15,2025-01-09 00:17:00,2026-05-01 04:52:05.816519,85,10,Critical,Finance,Steps to resolve Malware Detected in Core System Components,174234.10825466202,KRI,User_58,2025-01-09 02:41:00,data_modification,UK,EU,948,113,62.64824362669695,3018.450112949137,74.66366400156205,16255.578062344219,7.35,High,Restrict User Activity & Monitor Logs | Lock Account & Alert | Limit Data Transfer,1
ISSUE-0873,KEY-0873,Unassessed High-Risk Areas,1,Risk Assessment Coverage,Medium,Closed,Reporter 8,Assignee 6,2025-02-09 23:00:00,2025-04-08 23:00:00.000000,58,10,Critical,External Contractors,Steps to resolve Unassessed High-Risk Areas,23631.393162366898,KPI,User_79,2025-02-10 15:59:00,data_modification,Unknown,EU,3608,179,60.20138293975474,516.0072556841981,61.56236070561643,45043.75315485053,6.6,Medium,Routine Monitoring | Limit Data Transfer,1
ISSUE-0874,KEY-0874,Lack of Updated Risk Management Procedures,1,Risk Management Maturity,High,Open,Reporter 6,Assignee 8,2025-03-15 04:23:00,2026-03-19 04:52:05.816519,175,10,Critical,IT,Steps to resolve Lack of Updated Risk Management Procedures,81309.08389185455,KPI,User_91,2025-03-15 20:46:00,file_access,CANADA,AU,2894,140,63.82428129089766,3323.8739258149944,58.56705100963045,39925.551131443804,7.2,High,Restrict User Activity & Monitor Logs | Lock Account & Alert | Limit Data Transfer,1
ISSUE-0875,KEY-0875,Sudden Increase in Unfiltered Traffic,1,Network Security,High,Resolved,Reporter 7,Assignee 18,2025-02-01 05:17:00,2025-05-06 05:17:00.000000,94,10,Critical,Operations,Steps to resolve Sudden Increase in Unfiltered Traffic,100441.6847139841,KPI,User_88,2025-02-01 15:45:00,login,DE,JP,783,35,84.63111487764297,31.94299493693902,56.31813588630206,16932.104057776738,7.0,High,Restrict User Activity & Monitor Logs | Lock Account & Alert,1
ISSUE-0876,KEY-0876,Significant Number of Untracked Devices,1,Asset Inventory Accuracy,Critical,In Progress,Reporter 5,Assignee 19,2023-03-02 05:54:00,2025-12-05 04:52:05.816519,592,10,Critical,Operations,Steps to resolve Significant Number of Untracked Devices,145464.41664309608,KPI,User_16,2023-03-02 12:30:00,login,CN,Unknown,784,54,85.35521890560742,87.43314285202834,75.73654181749528,19042.676407625288,7.75,High,Escalate to SOC & Restrict Critical System Access | Lock Account & Alert,1
ISSUE-0877,KEY-0877,Potential Non-Compliance Detected in Sensitive Data Handling,1,Legal Compliance,Critical,Open,Reporter 6,Assignee 4,2024-05-19 10:26:00,2026-05-03 04:52:05.816519,310,10,Critical,IT,Steps to resolve Potential Non-Compliance Detected in Sensitive Data Handling,139488.5141962886,KRI,User_5,2024-05-20 08:26:00,data_modification,UK,IN,5453,153,55.29189234086117,15306.684010315596,100.0,62495.69773550618,8.0,High,Escalate to SOC & Restrict Critical System Access | Lock Account & Alert | Limit Data Transfer,1
ISSUE-0878,KEY-0878,Significant Number of Untracked Devices,1,Asset Inventory Accuracy,Critical,Closed,Reporter 3,Assignee 10,2025-04-17 10:04:00,2025-11-13 10:04:00.000000,210,10,Critical,IT,Steps to resolve Significant Number of Untracked Devices,138055.4797999914,KPI,User_80,2025-04-17 14:40:00,file_access,IN,EU,1635,160,77.29061930942177,692.6749526245525,100.0,23246.208831431213,8.0,High,Escalate to SOC & Restrict Critical System Access | Lock Account & Alert | Limit Data Transfer,1
ISSUE-0879,KEY-0879,Unanticipated Increase in Risk Exposure,1,Risk Exposure,High,In Progress,Reporter 8,Assignee 7,2023-08-28 04:18:00,2026-01-14 04:52:05.816519,374,10,Critical,C-Suite Executives,Steps to resolve Unanticipated Increase in Risk Exposure,91349.00082041987,KRI,User_66,2023-08-29 02:58:00,data_modification,AU,CANADA,14027,142,75.37127663866612,1608.5614662610037,97.78624365785382,145949.38981391196,7.5,High,Restrict User Activity & Monitor Logs | Lock Account & Alert | Limit Data Transfer,1
ISSUE-0880,KEY-0880,Newly Discovered Vulnerabilities in Core Systems,1,System Vulnerability,High,Resolved,Reporter 1,Assignee 4,2025-03-24 01:01:00,2025-07-31 01:01:00.000000,129,10,Critical,Operations,Steps to resolve Newly Discovered Vulnerabilities in Core Systems,91967.61714954759,KPI,User_43,2025-03-24 22:02:00,data_modification,CN,CANADA,431,128,71.12753347430171,595.9702048606243,65.85325158920733,12559.508588539153,7.35,High,Restrict User Activity & Monitor Logs | Lock Account & Alert | Limit Data Transfer,1
ISSUE-0881,KEY-0881,Unanticipated Increase in Risk Exposure,1,Risk Exposure,High,In Progress,Reporter 3,Assignee 18,2024-06-06 00:22:00,2026-04-23 04:52:05.816519,1,10,Critical,Legal,Steps to resolve Unanticipated Increase in Risk Exposure,49362.33531413673,KRI,User_79,2024-06-06 15:34:00,data_modification,USA,EU,6282,157,39.45253038416246,815.8824635770418,98.89904234376321,69414.56363746391,7.1,High,Restrict User Activity & Monitor Logs | Lock Account & Alert | Limit Data Transfer,1
ISSUE-0882,KEY-0882,Sudden Increase in Unfiltered Traffic,1,Network Security,Medium,Closed,Reporter 2,Assignee 5,2023-03-10 16:13:00,2023-05-03 16:13:00.000000,54,10,Critical,C-Suite Executives,Steps to resolve Sudden Increase in Unfiltered Traffic,61709.46569368726,KPI,User_79,2023-03-11 07:55:00,data_modification,DE,FR,5948,122,75.41892358923948,9150.18384012498,83.97844096581949,69220.6417929579,6.6,Medium,Routine Monitoring | Limit Data Transfer,1
ISSUE-0883,KEY-0883,Lack of Updated Risk Management Procedures,1,Risk Management Maturity,High,Open,Reporter 2,Assignee 12,2025-04-17 15:34:00,2026-03-23 04:52:05.816519,165,10,Critical,HR,Steps to resolve Lack of Updated Risk Management Procedures,61421.24544964706,KPI,User_97,2025-04-17 17:10:00,data_modification,USA,DE,802,97,35.436804595222654,947.0959867347008,59.50644724536028,13286.068650081983,7.2,High,Restrict User Activity & Monitor Logs | Lock Account & Alert | Limit Data Transfer,1
ISSUE-0884,KEY-0884,High Frequency of Policy Violations,1,Management Oversight,Critical,In Progress,Reporter 5,Assignee 10,2024-10-11 13:36:00,2026-03-27 04:52:05.816519,183,10,Critical,C-Suite Executives,Steps to resolve High Frequency of Policy Violations,155152.65254295745,KPI,User_79,2024-10-12 01:13:00,data_modification,UK,JP,5419,120,74.41892358923948,230.77544234774393,73.55790595894672,59800.32987288652,7.85,High,Escalate to SOC & Restrict Critical System Access | Lock Account & Alert | Limit Data Transfer,1
ISSUE-0885,KEY-0885,Spike in Unauthorized Access Attempts,1,Unauthorized Access,High,Closed,Reporter 7,Assignee 20,2023-07-30 06:03:00,2023-09-29 06:03:00.000000,61,10,Critical,Sales,Steps to resolve Spike in Unauthorized Access Attempts,215833.36941058925,KRI,User_60,2023-07-30 22:45:00,data_modification,CN,IN,518,161,68.81123334029417,4923.633260958266,50.22003701855561,16322.968780935687,7.2,High,Restrict User Activity & Monitor Logs | Lock Account & Alert | Limit Data Transfer,1
ISSUE-0886,KEY-0886,Sudden Increase in Unfiltered Traffic,1,Network Security,Critical,Open,Reporter 1,Assignee 20,2023-10-30 00:06:00,2026-03-17 04:52:05.816519,109,10,Critical,External Contractors,Steps to resolve Sudden Increase in Unfiltered Traffic,77719.55528617157,KPI,User_27,2023-10-30 20:17:00,file_access,USA,IN,936,103,34.5617639885705,127.59574367202268,68.15044126593943,14899.986417827258,7.85,High,Escalate to SOC & Restrict Critical System Access | Lock Account & Alert | Limit Data Transfer,1
ISSUE-0887,KEY-0887,High Frequency of Policy Violations,1,Management Oversight,High,Open,Reporter 2,Assignee 4,2025-08-22 00:26:00,2025-12-28 04:52:05.816519,120,10,Critical,Operations,Steps to resolve High Frequency of Policy Violations,87091.7825274457,KPI,User_10,2025-08-22 04:05:00,file_access,IN,DE,1503,171,86.29617556129733,1678.2833569145898,62.05995064084618,20988.553903507345,7.35,High,Restrict User Activity & Monitor Logs | Lock Account & Alert | Limit Data Transfer,1
ISSUE-0888,KEY-0888,Significant Number of Untracked Devices,1,Asset Inventory Accuracy,High,Closed,Reporter 9,Assignee 3,2023-10-10 02:49:00,2023-11-29 02:49:00.000000,50,10,Critical,Legal,Steps to resolve Significant Number of Untracked Devices,51306.57162563745,KPI,User_18,2023-10-10 22:00:00,file_access,Unknown,JP,5751,90,32.19389108886992,277.87076092701517,100.0,64611.568541312234,7.5,High,Restrict User Activity & Monitor Logs | Lock Account & Alert | Limit Data Transfer,1
ISSUE-0889,KEY-0889,Supplier Network Breach Exposure,1,Procurement Security,Medium,Resolved,Reporter 3,Assignee 6,2025-04-04 10:51:00,2025-05-21 10:51:00.000000,47,10,Critical,Legal,Steps to resolve Supplier Network Breach Exposure,27454.288391796315,KPI,User_3,2025-04-05 05:39:00,file_access,CANADA,DE,3099,151,50.92946627755992,1112.8615321751859,100.0,40788.42345907944,6.75,Medium,Routine Monitoring | Limit Data Transfer,1
ISSUE-0890,KEY-0890,Potential Non-Compliance Detected in Sensitive Data Handling,1,Legal Compliance,Critical,Resolved,Reporter 1,Assignee 8,2024-01-08 10:08:00,2024-04-22 10:08:00.000000,105,10,Critical,Operations,Steps to resolve Potential Non-Compliance Detected in Sensitive Data Handling,149562.7248996302,KRI,User_50,2024-01-08 14:13:00,login,DE,EU,125,36,79.2136744343892,744.2364024343227,41.54862352121871,11269.869068821108,7.7,High,Escalate to SOC & Restrict Critical System Access | Lock Account & Alert | Limit Data Transfer,1
ISSUE-0891,KEY-0891,Weak Access Controls on Critical Cloud Resources,1,Cloud Security Posture,High,Closed,Reporter 9,Assignee 7,2025-08-02 06:50:00,2025-08-03 06:50:00.000000,1,10,Critical,External Contractors,Steps to resolve Weak Access Controls on Critical Cloud Resources,61709.66645391373,KRI,User_92,2025-08-03 00:43:00,data_modification,CANADA,IN,6980,91,31.797606200550263,664.1808718419366,81.06017056799958,76688.04070064217,6.949999999999999,Medium,Schedule Investigation | Limit Data Transfer,1
ISSUE-0892,KEY-0892,Malware Detected in Core System Components,1,Malware,Critical,Closed,Reporter 5,Assignee 17,2024-05-02 10:34:00,2024-08-18 10:34:00.000000,108,10,Critical,Legal,Steps to resolve Malware Detected in Core System Components,131627.97277359635,KRI,User_92,2024-05-03 09:55:00,data_modification,DE,USA,666,78,32.88441347956894,3449.5964107628315,80.1421411423004,17457.289187211725,7.85,High,Escalate to SOC & Restrict Critical System Access | Lock Account & Alert | Limit Data Transfer,1
ISSUE-0893,KEY-0893,Sudden Increase in Unfiltered Traffic,1,Network Security,High,In Progress,Reporter 10,Assignee 15,2025-02-23 22:19:00,2026-04-03 04:52:05.816519,235,10,Critical,IT,Steps to resolve Sudden Increase in Unfiltered Traffic,76316.09389326329,KPI,User_72,2025-02-24 20:20:00,login,DE,USA,567,32,41.17959708288755,139.25368501658036,58.03135216621091,13307.510467079004,7.2,High,Restrict User Activity & Monitor Logs | Lock Account & Alert | Limit Data Transfer,1
ISSUE-0894,KEY-0894,Potential Non-Compliance Detected in Sensitive Data Handling,1,Legal Compliance,Medium,In Progress,Reporter 1,Assignee 8,2024-12-15 19:49:00,2026-01-31 04:52:05.816519,231,10,Critical,Sales,Steps to resolve Potential Non-Compliance Detected in Sensitive Data Handling,61015.14935441218,KRI,User_23,2024-12-16 05:13:00,file_access,CN,IN,3241,157,62.36876222801061,18171.63935744034,69.60785074748809,38651.85608000068,6.6,Medium,Routine Monitoring | Limit Data Transfer,1
ISSUE-0895,KEY-0895,Potential Non-Compliance Detected in Sensitive Data Handling,1,Legal Compliance,Low,In Progress,Reporter 4,Assignee 4,2025-09-25 08:51:00,2026-04-17 04:52:05.816519,62,10,Critical,Operations,Steps to resolve Potential Non-Compliance Detected in Sensitive Data Handling,54191.61484057896,KRI,User_100,2025-09-25 19:59:00,data_modification,FR,AU,2059,71,49.29497541472894,618.517469653474,67.27770604078427,28923.714978585343,5.85,Medium,Log Activity for Reference | Limit Data Transfer,1
ISSUE-0896,KEY-0896,Unanticipated Increase in Risk Exposure,1,Risk Exposure,High,Open,Reporter 2,Assignee 7,2024-06-15 13:27:00,2026-04-22 04:52:05.816519,239,10,Critical,Operations,Steps to resolve Unanticipated Increase in Risk Exposure,97227.54165190124,KRI,User_6,2024-06-16 00:02:00,data_modification,Unknown,JP,9,142,81.2426170678099,21827.642137528477,67.89576284526217,5545.68232543881,7.05,High,Restrict User Activity & Monitor Logs | Lock Account & Alert | Limit Data Transfer,1
ISSUE-0897,KEY-0897,Delayed Patching of Critical Vulnerabilities,1,Vulnerability Remediation,High,Resolved,Reporter 9,Assignee 18,2023-11-22 15:46:00,2023-12-25 15:46:00.000000,33,10,Critical,Sales,Steps to resolve Delayed Patching of Critical Vulnerabilities,92357.38377836264,KPI,User_15,2023-11-23 03:28:00,file_access,EU,CANADA,7129,133,49.3883388892589,853.3502847310323,100.0,76517.31458204254,7.5,High,Restrict User Activity & Monitor Logs | Lock Account & Alert | Limit Data Transfer,1
ISSUE-0898,KEY-0898,Targeted Phishing Campaign Against Executives,1,Phishing Attack,High,Resolved,Reporter 9,Assignee 20,2025-03-24 11:30:00,2025-03-30 11:30:00.000000,6,10,Critical,Legal,Steps to resolve Targeted Phishing Campaign Against Executives,34808.57853146471,KRI,User_67,2025-03-25 11:07:00,login,CANADA,AU,151,28,26.50181830429782,84.02566065240175,38.92518896606323,9271.142332604255,6.75,Medium,Schedule Investigation,1
ISSUE-0899,KEY-0899,Delayed Patching of Critical Vulnerabilities,1,Vulnerability Remediation,Medium,Open,Reporter 5,Assignee 7,2025-05-04 00:12:00,2025-12-02 04:52:05.816519,147,10,Critical,Legal,Steps to resolve Delayed Patching of Critical Vulnerabilities,33034.399065274614,KPI,User_58,2025-05-04 14:06:00,login,USA,AU,2244,30,47.900540079698075,957.4198280180701,92.94706287528149,32886.708007075635,6.75,Medium,Routine Monitoring | Limit Data Transfer,1
ISSUE-0900,KEY-0900,Targeted Phishing Campaign Against Executives,1,Phishing Attack,Critical,In Progress,Reporter 2,Assignee 3,2023-07-09 19:13:00,2026-05-10 04:52:05.816519,183,10,Critical,Operations,Steps to resolve Targeted Phishing Campaign Against Executives,157700.68279020351,KRI,User_63,2023-07-10 07:38:00,file_access,Unknown,UK,6348,94,47.36904826669036,163.76126934156963,100.0,71499.82696584947,8.0,High,Escalate to SOC & Restrict Critical System Access | Lock Account & Alert | Limit Data Transfer,1
ISSUE-0901,KEY-0901,Significant Number of Untracked Devices,1,Asset Inventory Accuracy,High,In Progress,Reporter 1,Assignee 20,2023-09-25 06:04:00,2026-02-25 04:52:05.816519,174,10,Critical,HR,Steps to resolve Significant Number of Untracked Devices,63898.22615609411,KPI,User_3,2023-09-25 13:32:00,file_access,IN,AU,1080,158,57.43240334351121,580.9966007214648,74.73576916208005,17622.35955496157,7.35,High,Restrict User Activity & Monitor Logs | Lock Account & Alert | Limit Data Transfer,1
ISSUE-0902,KEY-0902,Weak Access Controls on Critical Cloud Resources,1,Cloud Security Posture,Critical,In Progress,Reporter 6,Assignee 10,2024-03-22 06:34:00,2026-02-02 04:52:05.816519,130,10,Critical,C-Suite Executives,Steps to resolve Weak Access Controls on Critical Cloud Resources,146397.10409773543,KRI,User_50,2024-03-23 02:32:00,data_modification,JP,CANADA,9752,156,76.2984905031085,606.7740585218774,100.0,104718.48609552681,8.0,High,Escalate to SOC & Restrict Critical System Access | Lock Account & Alert | Limit Data Transfer,1
ISSUE-0903,KEY-0903,Targeted Phishing Campaign Against Executives,1,Phishing Attack,High,Open,Reporter 6,Assignee 7,2025-01-17 22:03:00,2026-05-27 04:52:05.816519,164,10,Critical,Operations,Steps to resolve Targeted Phishing Campaign Against Executives,87993.78603868214,KRI,User_3,2025-01-18 21:17:00,data_modification,FR,JP,7837,125,60.95726792195404,212.4086896195318,100.0,89146.4381514511,7.5,High,Restrict User Activity & Monitor Logs | Lock Account & Alert | Limit Data Transfer,1
ISSUE-0904,KEY-0904,Weak Access Controls on Critical Cloud Resources,1,Cloud Security Posture,Critical,In Progress,Reporter 4,Assignee 1,2024-05-29 02:15:00,2025-12-17 04:52:05.816519,89,10,Critical,External Contractors,Steps to resolve Weak Access Controls on Critical Cloud Resources,85143.11411531156,KRI,User_94,2024-05-29 08:38:00,file_access,IN,Unknown,2384,166,47.40682013876189,99.33784735753285,84.85213988700092,29998.759219826537,7.75,High,Escalate to SOC & Restrict Critical System Access | Lock Account & Alert,1
ISSUE-0905,KEY-0905,High-Volume Distributed Denial-of-Service Attack from Multiple Sources,1,DDOS,Critical,Resolved,Reporter 2,Assignee 4,2024-05-28 11:54:00,2024-11-07 11:54:00.000000,163,10,Critical,HR,Steps to resolve High-Volume Distributed Denial-of-Service Attack from Multiple Sources,94656.26186498755,KRI,User_81,2024-05-28 21:24:00,file_access,DE,CANADA,2460,85,57.428094453367706,336.56563440513094,52.0677269829128,33764.45504745633,7.7,High,Escalate to SOC & Restrict Critical System Access | Lock Account & Alert | Limit Data Transfer,1
ISSUE-0906,KEY-0906,Unassessed High-Risk Areas,1,Risk Assessment Coverage,High,Closed,Reporter 6,Assignee 12,2024-04-08 03:15:00,2024-10-15 03:15:00.000000,190,10,Critical,Legal,Steps to resolve Unassessed High-Risk Areas,35629.83636469343,KPI,User_93,2024-04-08 10:51:00,login,EU,IN,3382,45,34.750728359735135,413.05202247426473,76.4597952488173,43349.02484239351,7.35,High,Restrict User Activity & Monitor Logs | Lock Account & Alert | Limit Data Transfer,1
ISSUE-0907,KEY-0907,High Frequency of Policy Violations,1,Management Oversight,High,Open,Reporter 1,Assignee 17,2023-12-28 09:44:00,2026-03-25 04:52:05.816519,207,10,Critical,Finance,Steps to resolve High Frequency of Policy Violations,88058.26399972239,KPI,User_75,2023-12-28 22:08:00,file_access,UK,JP,2878,141,76.80992166702546,187.45307543792396,74.99351634214909,40722.81140223108,7.35,High,Restrict User Activity & Monitor Logs | Lock Account & Alert | Limit Data Transfer,1
ISSUE-0908,KEY-0908,Unassessed High-Risk Areas,1,Risk Assessment Coverage,High,Closed,Reporter 7,Assignee 18,2024-03-12 05:13:00,2024-06-02 05:13:00.000000,82,10,Critical,IT,Steps to resolve Unassessed High-Risk Areas,84090.31154432819,KPI,User_7,2024-03-12 07:06:00,data_modification,JP,UK,3297,83,31.156365782022995,106.19486150119528,84.04441350691151,42914.431218643906,7.35,High,Restrict User Activity & Monitor Logs | Lock Account & Alert | Limit Data Transfer,1
ISSUE-0909,KEY-0909,Ineffective Access Controls in High-Sensitivity Areas,1,Control Effectiveness,High,In Progress,Reporter 6,Assignee 20,2024-03-26 22:12:00,2026-04-07 04:52:05.816519,162,10,Critical,HR,Steps to resolve Ineffective Access Controls in High-Sensitivity Areas,64700.752333056465,KPI,User_53,2024-03-27 10:52:00,login,Unknown,IN,2258,39,59.68402428845995,97.45808407368422,55.161764664488985,32652.81787866448,7.1000000000000005,High,Restrict User Activity & Monitor Logs | Lock Account & Alert,1
ISSUE-0910,KEY-0910,Malware Detected in Core System Components,1,Malware,High,In Progress,Reporter 8,Assignee 2,2025-02-02 23:21:00,2026-02-19 04:52:05.816519,407,10,Critical,Legal,Steps to resolve Malware Detected in Core System Components,91697.47007722469,KRI,User_34,2025-02-03 10:49:00,login,IN,EU,471,28,39.25182136839578,164.29194786839696,56.46746826723923,12187.613387242298,7.2,High,Restrict User Activity & Monitor Logs | Lock Account & Alert | Limit Data Transfer,1
ISSUE-0911,KEY-0911,Unanticipated Increase in Risk Exposure,1,Risk Exposure,Critical,Open,Reporter 6,Assignee 9,2023-09-18 23:31:00,2025-12-05 04:52:05.816519,131,10,Critical,HR,Steps to resolve Unanticipated Increase in Risk Exposure,92965.51378483456,KRI,User_91,2023-09-19 01:44:00,login,FR,EU,71,32,39.7635591276413,330.36764793301364,40.01933777187965,12043.462740670913,7.7,High,Escalate to SOC & Restrict Critical System Access | Lock Account & Alert | Limit Data Transfer,1
ISSUE-0912,KEY-0912,Unanticipated Increase in Risk Exposure,1,Risk Exposure,Critical,Open,Reporter 1,Assignee 7,2025-05-22 05:44:00,2026-01-31 04:52:05.816519,233,10,Critical,External Contractors,Steps to resolve Unanticipated Increase in Risk Exposure,80451.70904827528,KRI,User_10,2025-05-22 14:55:00,login,JP,AU,187,44,61.23742611942706,134.89351271775877,70.82175904366122,10584.357573588752,7.85,High,Escalate to SOC & Restrict Critical System Access | Lock Account & Alert | Limit Data Transfer,1
ISSUE-0913,KEY-0913,Unassessed High-Risk Areas,1,Risk Assessment Coverage,Critical,Resolved,Reporter 6,Assignee 7,2023-11-24 15:29:00,2024-03-30 15:29:00.000000,127,10,Critical,C-Suite Executives,Steps to resolve Unassessed High-Risk Areas,139931.81777153647,KPI,User_43,2023-11-25 14:18:00,file_access,DE,CN,1491,126,63.004295999495746,241.8146007559469,65.32832137778338,19937.32576656648,7.85,High,Escalate to SOC & Restrict Critical System Access | Lock Account & Alert | Limit Data Transfer,1
ISSUE-0914,KEY-0914,Unanticipated Increase in Risk Exposure,1,Risk Exposure,High,In Progress,Reporter 3,Assignee 19,2023-09-12 21:19:00,2026-03-23 04:52:05.816519,139,10,Critical,Finance,Steps to resolve Unanticipated Increase in Risk Exposure,89976.93599922689,KRI,User_22,2023-09-12 21:19:00,login,Unknown,EU,305,43,78.80085657446345,312.15940611425094,61.718374640051415,13695.912783191594,7.35,High,Restrict User Activity & Monitor Logs | Lock Account & Alert | Limit Data Transfer,1
ISSUE-0915,KEY-0915,Newly Discovered Vulnerabilities in Core Systems,1,System Vulnerability,High,Open,Reporter 1,Assignee 16,2023-04-13 04:19:00,2026-04-13 04:52:05.816519,179,10,Critical,Operations,Steps to resolve Newly Discovered Vulnerabilities in Core Systems,97027.00701644034,KPI,User_53,2023-04-14 03:55:00,file_access,DE,FR,383,142,63.66580755054255,243.36955088868592,60.51461686491831,11587.296772973925,7.35,High,Restrict User Activity & Monitor Logs | Lock Account & Alert | Limit Data Transfer,1
ISSUE-0916,KEY-0916,Unassessed High-Risk Areas,1,Risk Assessment Coverage,High,Open,Reporter 10,Assignee 5,2025-08-12 05:25:00,2026-03-19 04:52:05.816519,187,10,Critical,IT,Steps to resolve Unassessed High-Risk Areas,70917.21037830145,KPI,User_2,2025-08-12 09:39:00,data_modification,JP,Unknown,6844,155,85.35513118272945,534.0295575973612,83.25957238218655,76282.75737893299,7.35,High,Restrict User Activity & Monitor Logs | Lock Account & Alert | Limit Data Transfer,1
ISSUE-0917,KEY-0917,Ineffective Access Controls in High-Sensitivity Areas,1,Control Effectiveness,Medium,Open,Reporter 5,Assignee 16,2024-08-09 05:17:00,2026-03-19 04:52:05.816519,93,10,Critical,Operations,Steps to resolve Ineffective Access Controls in High-Sensitivity Areas,63312.33775768592,KPI,User_4,2024-08-09 22:17:00,file_access,USA,DE,470,84,35.19460086665916,3674.739559878669,88.15882731013505,13034.01462582577,6.75,Medium,Routine Monitoring | Limit Data Transfer,1
ISSUE-0918,KEY-0918,Unusual Data Transfer Volumes Detected,1,Data Breach,Critical,Open,Reporter 9,Assignee 1,2025-04-15 02:05:00,2025-12-10 04:52:05.816519,218,10,Critical,Sales,Steps to resolve Unusual Data Transfer Volumes Detected,414035.58517517947,KRI,User_40,2025-04-15 18:54:00,data_modification,EU,UK,8430,141,66.14645947153579,363.14579389676294,100.0,91019.01452704472,8.0,High,Escalate to SOC & Restrict Critical System Access | Lock Account & Alert | Limit Data Transfer,1
ISSUE-0919,KEY-0919,Targeted Phishing Campaign Against Executives,1,Phishing Attack,High,Open,Reporter 4,Assignee 13,2024-03-07 06:41:00,2025-12-08 04:52:05.816519,130,10,Critical,C-Suite Executives,Steps to resolve Targeted Phishing Campaign Against Executives,84228.61730942302,KRI,User_76,2024-03-07 10:33:00,data_modification,CANADA,DE,7388,72,58.87333046254487,155.7128280245887,91.00612371747027,80825.46532393381,7.5,High,Restrict User Activity & Monitor Logs | Lock Account & Alert | Limit Data Transfer,1
ISSUE-0920,KEY-0920,Critical Issues Not Detected in Last Penetration Test,1,Penetration Testing Effectiveness,High,Open,Reporter 4,Assignee 6,2025-03-10 04:38:00,2026-02-03 04:52:05.816519,99,10,Critical,C-Suite Executives,Steps to resolve Critical Issues Not Detected in Last Penetration Test,87043.25945315795,KPI,User_8,2025-03-10 07:17:00,data_modification,CANADA,IN,5027,65,55.35581669706001,1543.3693488671338,73.00606353644628,60597.116840938135,7.35,High,Restrict User Activity & Monitor Logs | Lock Account & Alert | Limit Data Transfer,1
ISSUE-0921,KEY-0921,Unusual Data Access from External Locations,1,Data Leak,High,In Progress,Reporter 5,Assignee 16,2025-07-20 05:51:00,2026-03-27 04:52:05.816519,158,10,Critical,Legal,Steps to resolve Unusual Data Access from External Locations,39368.87178317683,KRI,User_86,2025-07-20 23:46:00,file_access,Unknown,JP,323,117,30.792629143741653,1344.7049951710765,34.622839172191206,7386.987746594458,7.05,High,Restrict User Activity & Monitor Logs | Lock Account & Alert | Limit Data Transfer,1
ISSUE-0922,KEY-0922,Targeted Phishing Campaign Against Executives,1,Phishing Attack,High,Open,Reporter 7,Assignee 16,2024-10-22 09:01:00,2026-03-19 04:52:05.816519,200,10,Critical,External Contractors,Steps to resolve Targeted Phishing Campaign Against Executives,53095.83043312595,KRI,User_56,2024-10-23 06:53:00,file_access,CN,JP,422,103,43.27257711696815,2283.0742298400583,100.0,12981.258589959116,7.5,High,Restrict User Activity & Monitor Logs | Lock Account & Alert | Limit Data Transfer,1
ISSUE-0923,KEY-0923,Spike in Unauthorized Access Attempts,1,Unauthorized Access,Critical,Open,Reporter 10,Assignee 17,2024-03-26 02:57:00,2026-05-06 04:52:05.816519,142,10,Critical,IT,Steps to resolve Spike in Unauthorized Access Attempts,326050.9808155756,KRI,User_75,2024-03-26 06:04:00,data_modification,DE,AU,12836,144,74.92266392559037,305.76401327230485,100.0,139809.45503936245,8.0,High,Escalate to SOC & Restrict Critical System Access | Lock Account & Alert | Limit Data Transfer,1
ISSUE-0924,KEY-0924,Weak Access Controls on Critical Cloud Resources,1,Cloud Security Posture,High,Closed,Reporter 8,Assignee 4,2025-02-19 03:41:00,2025-07-04 03:41:00.000000,135,10,Critical,Legal,Steps to resolve Weak Access Controls on Critical Cloud Resources,40585.84894602751,KRI,User_97,2025-02-19 12:11:00,file_access,CN,IN,1117,125,38.192559552065006,285.9710811972791,95.01131308559485,21391.279909298188,7.5,High,Restrict User Activity & Monitor Logs | Lock Account & Alert | Limit Data Transfer,1
ISSUE-0925,KEY-0925,High-Volume Distributed Denial-of-Service Attack from Multiple Sources,1,DDOS,Medium,Resolved,Reporter 5,Assignee 2,2024-01-03 04:16:00,2024-01-04 04:16:00.000000,1,10,Critical,Operations,Steps to resolve High-Volume Distributed Denial-of-Service Attack from Multiple Sources,59489.0578054996,KRI,User_5,2024-01-03 17:43:00,data_modification,FR,USA,2204,134,68.2016167988431,3397.9027173545187,53.907979471413626,33302.199376080214,6.05,Medium,Routine Monitoring | Limit Data Transfer,1
ISSUE-0926,KEY-0926,Newly Discovered Vulnerabilities in Core Systems,1,System Vulnerability,Low,Closed,Reporter 6,Assignee 2,2024-12-04 04:23:00,2024-12-20 04:23:00.000000,16,10,Critical,Operations,Steps to resolve Newly Discovered Vulnerabilities in Core Systems,51255.270629220075,KPI,User_91,2024-12-04 19:18:00,data_modification,Unknown,USA,9109,126,71.22854592039798,4095.636666135668,98.10957693941361,100590.32604725701,6.0,Medium,Log Activity for Reference | Limit Data Transfer,1
ISSUE-0927,KEY-0927,Multiple Unauthorized Access Attempts Detected,1,Access Control,Critical,Closed,Reporter 9,Assignee 2,2023-10-18 04:24:00,2024-04-15 04:24:00.000000,180,10,Critical,Sales,Steps to resolve Multiple Unauthorized Access Attempts Detected,148356.75944552012,KPI,User_4,2023-10-18 19:33:00,login,CN,DE,347,22,37.367625784550086,25.730435511210608,83.91517182122908,9606.88051623252,7.499999999999999,High,Escalate to SOC & Restrict Critical System Access | Lock Account & Alert,1
ISSUE-0928,KEY-0928,Sudden Increase in Unfiltered Traffic,1,Network Security,Critical,Resolved,Reporter 9,Assignee 18,2023-03-04 08:12:00,2023-03-25 08:12:00.000000,21,10,Critical,External Contractors,Steps to resolve Sudden Increase in Unfiltered Traffic,74451.0577549314,KPI,User_43,2023-03-04 21:15:00,file_access,DE,CN,1827,156,53.286799218545035,257.01323724709545,53.6079523274742,25118.95502711562,7.7,High,Escalate to SOC & Restrict Critical System Access | Lock Account & Alert | Limit Data Transfer,1
ISSUE-0929,KEY-0929,Supplier Network Breach Exposure,1,Procurement Security,High,Open,Reporter 2,Assignee 18,2025-08-13 10:23:00,2026-04-07 04:52:05.816519,143,10,Critical,External Contractors,Steps to resolve Supplier Network Breach Exposure,44948.11745050916,KPI,User_74,2025-08-13 23:11:00,login,DE,Unknown,411,26,61.69284029862635,65.31717223344504,41.94012831180686,11661.220921920283,7.1000000000000005,High,Restrict User Activity & Monitor Logs | Lock Account & Alert,1
ISSUE-0930,KEY-0930,High-Volume Distributed Denial-of-Service Attack from Multiple Sources,1,DDOS,High,In Progress,Reporter 3,Assignee 20,2023-04-20 22:42:00,2026-01-21 04:52:05.816519,41,10,Critical,Sales,Steps to resolve High-Volume Distributed Denial-of-Service Attack from Multiple Sources,89917.37132448558,KRI,User_10,2023-04-21 09:23:00,login,DE,IN,1504,37,75.68628968891352,52.39459325023287,55.96119572335516,27452.616696038152,7.1000000000000005,High,Restrict User Activity & Monitor Logs | Lock Account & Alert,1
ISSUE-0931,KEY-0931,Ineffective Access Controls in High-Sensitivity Areas,1,Control Effectiveness,Medium,Closed,Reporter 10,Assignee 4,2024-04-24 05:49:00,2024-08-01 05:49:00.000000,99,10,Critical,C-Suite Executives,Steps to resolve Ineffective Access Controls in High-Sensitivity Areas,55526.10050395864,KPI,User_84,2024-04-24 14:07:00,file_access,DE,CN,6258,111,78.53834607286149,6.404385522278437,100.0,67683.92431743552,6.55,Medium,Routine Monitoring,1
ISSUE-0932,KEY-0932,Malware Detected in Core System Components,1,Malware,Critical,In Progress,Reporter 9,Assignee 6,2023-08-29 02:51:00,2026-02-26 04:52:05.816519,191,10,Critical,IT,Steps to resolve Malware Detected in Core System Components,279436.51453771535,KRI,User_88,2023-08-29 08:07:00,data_modification,CANADA,DE,7012,167,76.83881386610241,2412.7423314448733,84.81139131100707,79161.98834873491,7.85,High,Escalate to SOC & Restrict Critical System Access | Lock Account & Alert | Limit Data Transfer,1
ISSUE-0933,KEY-0933,Unanticipated Increase in Risk Exposure,1,Risk Exposure,Critical,Resolved,Reporter 9,Assignee 3,2023-10-28 06:38:00,2023-11-23 06:38:00.000000,26,10,Critical,Finance,Steps to resolve Unanticipated Increase in Risk Exposure,148101.27859220206,KRI,User_22,2023-10-29 03:14:00,file_access,CANADA,UK,1164,161,78.80085657446345,75.04457586579814,73.7193029375297,20672.424482964274,7.75,High,Escalate to SOC & Restrict Critical System Access | Lock Account & Alert,1
ISSUE-0934,KEY-0934,Unanticipated Increase in Risk Exposure,1,Risk Exposure,Medium,Resolved,Reporter 3,Assignee 8,2023-06-09 19:03:00,2023-08-28 19:03:00.000000,80,10,Critical,Sales,Steps to resolve Unanticipated Increase in Risk Exposure,74246.23931088074,KRI,User_62,2023-06-10 08:59:00,data_modification,IN,AU,6367,149,74.32598208191436,2783.706037586919,100.0,70846.93078275328,6.75,Medium,Routine Monitoring | Limit Data Transfer,1
ISSUE-0935,KEY-0935,Spike in Unauthorized Access Attempts,1,Unauthorized Access,Critical,Resolved,Reporter 7,Assignee 19,2025-09-28 05:51:00,2025-11-06 05:51:00.000000,39,10,Critical,Finance,Steps to resolve Spike in Unauthorized Access Attempts,336541.10266470694,KRI,User_45,2025-09-28 16:58:00,file_access,FR,CN,1667,140,73.71622587549734,635.2675883390241,79.5913733078421,22328.608254594994,7.85,High,Escalate to SOC & Restrict Critical System Access | Lock Account & Alert | Limit Data Transfer,1
ISSUE-0936,KEY-0936,Unusual Data Access from External Locations,1,Data Leak,Critical,In Progress,Reporter 5,Assignee 10,2025-09-18 04:02:00,2026-03-30 04:52:05.816519,392,10,Critical,Legal,Steps to resolve Unusual Data Access from External Locations,58348.22065673227,KRI,User_50,2025-09-18 21:37:00,file_access,UK,EU,11087,203,34.678134953858574,171.40024474115862,97.33553485020963,117652.3429945168,8.0,High,Escalate to SOC & Restrict Critical System Access | Lock Account & Alert | Limit Data Transfer,1
ISSUE-0937,KEY-0937,Multiple Unauthorized Access Attempts Detected,1,Access Control,Critical,Closed,Reporter 7,Assignee 3,2023-07-31 06:58:00,2024-01-03 06:58:00.000000,156,10,Critical,Legal,Steps to resolve Multiple Unauthorized Access Attempts Detected,59861.08956673095,KPI,User_34,2023-08-01 05:20:00,file_access,AU,CANADA,1488,156,39.25182136839578,5419.883960526486,65.3188899420982,23414.09560636152,7.85,High,Escalate to SOC & Restrict Critical System Access | Lock Account & Alert | Limit Data Transfer,1
ISSUE-0938,KEY-0938,Unusual Data Transfer Volumes Detected,1,Data Breach,Critical,Resolved,Reporter 5,Assignee 17,2024-06-16 18:27:00,2024-10-12 18:27:00.000000,118,10,Critical,Operations,Steps to resolve Unusual Data Transfer Volumes Detected,419332.0603175884,KRI,User_17,2024-06-16 21:20:00,data_modification,USA,JP,4563,122,60.92365393998732,111.10613972247833,68.3210010147644,50030.707554944966,7.85,High,Escalate to SOC & Restrict Critical System Access | Lock Account & Alert | Limit Data Transfer,1
ISSUE-0939,KEY-0939,Supplier Network Breach Exposure,1,Procurement Security,Medium,Open,Reporter 2,Assignee 17,2025-04-26 14:08:00,2026-02-18 04:52:05.816519,95,10,Critical,C-Suite Executives,Steps to resolve Supplier Network Breach Exposure,62999.59994925823,KPI,User_83,2025-04-26 15:10:00,file_access,Unknown,UK,57,160,72.7945032795136,482.1853725056242,70.16244268791444,7314.692063735344,6.449999999999999,Medium,Routine Monitoring | Limit Data Transfer,1
ISSUE-0940,KEY-0940,Delayed Patching of Critical Vulnerabilities,1,Vulnerability Remediation,High,Resolved,Reporter 7,Assignee 19,2023-11-17 15:54:00,2024-02-21 15:54:00.000000,96,10,Critical,Legal,Steps to resolve Delayed Patching of Critical Vulnerabilities,41832.13476801609,KPI,User_51,2023-11-18 01:25:00,data_modification,FR,CANADA,812,77,27.769621047430007,288.68943632299596,67.00079328748969,16754.624034945173,7.35,High,Restrict User Activity & Monitor Logs | Lock Account & Alert | Limit Data Transfer,1
ISSUE-0941,KEY-0941,Supplier Network Breach Exposure,1,Procurement Security,Medium,Closed,Reporter 5,Assignee 20,2024-04-24 04:41:00,2024-06-14 04:41:00.000000,51,10,Critical,Sales,Steps to resolve Supplier Network Breach Exposure,62101.32195124434,KPI,User_74,2024-04-24 08:27:00,login,Unknown,CN,528,23,45.68270599877579,37.489023704372464,53.755073421633135,14959.585782487258,6.25,Medium,Routine Monitoring,1
ISSUE-0942,KEY-0942,Multiple Unauthorized Access Attempts Detected,1,Access Control,Medium,Resolved,Reporter 8,Assignee 5,2025-04-11 21:28:00,2025-06-20 21:28:00.000000,70,10,Critical,IT,Steps to resolve Multiple Unauthorized Access Attempts Detected,50858.34874224567,KPI,User_96,2025-04-12 16:43:00,data_modification,FR,EU,9422,155,85.44564146055221,20158.36701101038,81.56629203158333,98533.36636839606,6.6,Medium,Routine Monitoring | Limit Data Transfer,1
ISSUE-0943,KEY-0943,Unusual Data Transfer Volumes Detected,1,Data Breach,High,Open,Reporter 7,Assignee 18,2025-01-12 21:55:00,2026-02-07 04:52:05.816519,245,10,Critical,Sales,Steps to resolve Unusual Data Transfer Volumes Detected,240865.09861574072,KRI,User_49,2025-01-13 07:42:00,data_modification,Unknown,IN,1870,167,78.9236913931021,1563.2989363784536,73.39605025062592,28032.938325497737,7.35,High,Restrict User Activity & Monitor Logs | Lock Account & Alert | Limit Data Transfer,1
ISSUE-0944,KEY-0944,High Frequency of Policy Violations,1,Management Oversight,High,Open,Reporter 1,Assignee 9,2023-12-12 14:01:00,2025-12-05 04:52:05.816519,123,10,Critical,Legal,Steps to resolve High Frequency of Policy Violations,34756.34939479575,KPI,User_28,2023-12-13 09:43:00,file_access,Unknown,USA,77,183,73.00772667930616,1049.747059765268,49.79630022888445,10474.85073285484,7.2,High,Restrict User Activity & Monitor Logs | Lock Account & Alert | Limit Data Transfer,1
ISSUE-0945,KEY-0945,Unanticipated Increase in Risk Exposure,1,Risk Exposure,Critical,Open,Reporter 9,Assignee 20,2023-08-04 01:45:00,2026-02-26 04:52:05.816519,357,10,Critical,Sales,Steps to resolve Unanticipated Increase in Risk Exposure,154759.50772683305,KRI,User_54,2023-08-04 15:50:00,data_modification,IN,UK,3148,97,53.38765262448409,423.0893532028731,55.1993254313041,40044.79532393982,7.7,High,Escalate to SOC & Restrict Critical System Access | Lock Account & Alert | Limit Data Transfer,1
ISSUE-0946,KEY-0946,Sudden Increase in Unfiltered Traffic,1,Network Security,Critical,Open,Reporter 4,Assignee 15,2023-06-06 22:53:00,2026-05-26 04:52:05.816519,116,10,Critical,Operations,Steps to resolve Sudden Increase in Unfiltered Traffic,149591.60281090936,KPI,User_73,2023-06-07 02:37:00,login,JP,CANADA,169,27,70.41451257364307,21.782787568903473,78.57648501558134,8870.618551642134,7.499999999999999,High,Escalate to SOC & Restrict Critical System Access | Lock Account & Alert,1
ISSUE-0947,KEY-0947,High-Volume Distributed Denial-of-Service Attack from Multiple Sources,1,DDOS,Critical,Closed,Reporter 10,Assignee 14,2023-08-13 04:39:00,2024-01-01 04:39:00.000000,141,10,Critical,HR,Steps to resolve High-Volume Distributed Denial-of-Service Attack from Multiple Sources,99657.13431812791,KRI,User_60,2023-08-13 18:50:00,data_modification,Unknown,AU,2205,150,53.93576602202145,9810.997893998696,78.3533770450957,35716.544701105784,7.85,High,Escalate to SOC & Restrict Critical System Access | Lock Account & Alert | Limit Data Transfer,1
ISSUE-0948,KEY-0948,Significant Number of Untracked Devices,1,Asset Inventory Accuracy,Low,In Progress,Reporter 6,Assignee 10,2024-11-22 10:44:00,2026-05-14 04:52:05.816519,110,6,High,Sales,Steps to resolve Significant Number of Untracked Devices,53316.73988897171,KPI,User_13,2024-11-23 09:04:00,file_access,CN,AU,3300,87,36.35784898776422,1043.1025940514057,89.55108898700001,38486.95414269419,4.9,Medium,Log Activity for Reference | Limit Data Transfer,1
ISSUE-0949,KEY-0949,Spike in Unauthorized Access Attempts,1,Unauthorized Access,High,Closed,Reporter 4,Assignee 2,2025-05-11 15:23:00,2025-05-12 15:23:00.000000,1,10,Critical,C-Suite Executives,Steps to resolve Spike in Unauthorized Access Attempts,196433.06103853392,KRI,User_12,2025-05-12 05:47:00,data_modification,EU,AU,1590,55,39.348879798666395,213.553498029725,75.83225992463363,18174.950241157,6.949999999999999,Medium,Schedule Investigation | Limit Data Transfer,1
ISSUE-0950,KEY-0950,Spike in Unauthorized Access Attempts,1,Unauthorized Access,High,Resolved,Reporter 1,Assignee 2,2023-09-04 17:34:00,2023-09-24 17:34:00.000000,20,10,Critical,IT,Steps to resolve Spike in Unauthorized Access Attempts,191192.753956288,KRI,User_62,2023-09-05 07:52:00,data_modification,DE,AU,4730,155,77.90893942228668,238.96121032188495,88.02757654522016,55830.60475381919,7.5,High,Restrict User Activity & Monitor Logs | Lock Account & Alert | Limit Data Transfer,1
ISSUE-0951,KEY-0951,Newly Discovered Vulnerabilities in Core Systems,1,System Vulnerability,High,Resolved,Reporter 6,Assignee 4,2025-03-24 18:44:00,2025-09-24 18:44:00.000000,184,10,Critical,C-Suite Executives,Steps to resolve Newly Discovered Vulnerabilities in Core Systems,88938.01183331956,KPI,User_17,2025-03-25 15:41:00,file_access,CANADA,JP,2684,117,60.859685380801835,43.849460136384614,30.71042079151818,34954.9686194394,7.0,High,Restrict User Activity & Monitor Logs | Lock Account & Alert,1
ISSUE-0952,KEY-0952,Targeted Phishing Campaign Against Executives,1,Phishing Attack,Critical,Resolved,Reporter 9,Assignee 13,2023-09-15 06:23:00,2023-10-01 06:23:00.000000,16,10,Critical,IT,Steps to resolve Targeted Phishing Campaign Against Executives,135255.64840461503,KRI,User_72,2023-09-15 10:05:00,data_modification,CN,JP,937,92,57.17959708288755,587.481714602741,72.37782524852689,17783.509130670256,7.85,High,Escalate to SOC & Restrict Critical System Access | Lock Account & Alert | Limit Data Transfer,1
ISSUE-0953,KEY-0953,Multiple Unauthorized Access Attempts Detected,1,Access Control,High,Resolved,Reporter 6,Assignee 15,2025-03-12 02:15:00,2025-04-07 02:15:00.000000,26,10,Critical,Finance,Steps to resolve Multiple Unauthorized Access Attempts Detected,83690.00528292556,KPI,User_25,2025-03-12 15:55:00,file_access,DE,Unknown,1749,120,65.44277152800463,1.891825814926837,100.0,23198.549032792605,7.3,High,Restrict User Activity & Monitor Logs | Lock Account & Alert,1
ISSUE-0954,KEY-0954,High Frequency of Policy Violations,1,Management Oversight,Critical,In Progress,Reporter 9,Assignee 7,2023-02-18 01:54:00,2026-04-05 04:52:05.816519,124,10,Critical,C-Suite Executives,Steps to resolve High Frequency of Policy Violations,146734.90767330132,KPI,User_86,2023-02-18 10:56:00,file_access,CANADA,JP,220,92,44.85496263839272,198.2447455880387,69.10549891507935,9960.604699546484,7.699999999999999,High,Escalate to SOC & Restrict Critical System Access | Lock Account & Alert | Limit Data Transfer,1
ISSUE-0955,KEY-0955,Spike in Unauthorized Access Attempts,1,Unauthorized Access,High,Open,Reporter 6,Assignee 20,2024-12-26 11:40:00,2026-04-24 04:52:05.816519,184,10,Critical,C-Suite Executives,Steps to resolve Spike in Unauthorized Access Attempts,209158.95287199403,KRI,User_22,2024-12-26 18:28:00,file_access,CANADA,FR,3985,151,77.5754437988591,247.49514648287217,78.00916326039173,45862.112263199284,7.35,High,Restrict User Activity & Monitor Logs | Lock Account & Alert | Limit Data Transfer,1
ISSUE-0956,KEY-0956,Sudden Increase in Unfiltered Traffic,1,Network Security,High,Open,Reporter 10,Assignee 2,2024-09-30 13:19:00,2026-03-06 04:52:05.816519,113,10,Critical,C-Suite Executives,Steps to resolve Sudden Increase in Unfiltered Traffic,86144.70381420215,KPI,User_76,2024-10-01 01:29:00,data_modification,JP,UK,458,90,50.87333046254487,43.96637857713795,68.01572554092553,9432.223904422848,6.999999999999999,Medium,Schedule Investigation,1
ISSUE-0957,KEY-0957,Critical Issues Not Detected in Last Penetration Test,1,Penetration Testing Effectiveness,High,Open,Reporter 3,Assignee 20,2025-05-25 06:16:00,2026-05-25 04:52:05.816519,203,10,Critical,Finance,Steps to resolve Critical Issues Not Detected in Last Penetration Test,94667.48005863663,KPI,User_88,2025-05-25 06:25:00,file_access,EU,CANADA,2622,167,76.09803281917172,1278.4148761092727,89.60684319964825,31378.98711996988,7.5,High,Restrict User Activity & Monitor Logs | Lock Account & Alert | Limit Data Transfer,1
ISSUE-0958,KEY-0958,High-Volume Distributed Denial-of-Service Attack from Multiple Sources,1,DDOS,Critical,Resolved,Reporter 7,Assignee 12,2024-08-31 19:24:00,2024-12-14 19:24:00.000000,105,10,Critical,Legal,Steps to resolve High-Volume Distributed Denial-of-Service Attack from Multiple Sources,71868.58902904551,KRI,User_62,2024-09-01 12:27:00,file_access,JP,USA,1489,170,43.80149115330194,2576.36354055561,66.30221751598063,21992.485313111447,7.85,High,Escalate to SOC & Restrict Critical System Access | Lock Account & Alert | Limit Data Transfer,1
ISSUE-0959,KEY-0959,Unanticipated Increase in Risk Exposure,1,Risk Exposure,High,Closed,Reporter 3,Assignee 8,2023-02-01 04:45:00,2023-04-28 04:45:00.000000,86,10,Critical,HR,Steps to resolve Unanticipated Increase in Risk Exposure,61566.24299748398,KRI,User_29,2023-02-02 02:41:00,file_access,JP,EU,1513,153,46.032860415846386,560.2442895459417,75.08354140149557,20264.922005491495,7.35,High,Restrict User Activity & Monitor Logs | Lock Account & Alert | Limit Data Transfer,1
ISSUE-0960,KEY-0960,Critical Issues Not Detected in Last Penetration Test,1,Penetration Testing Effectiveness,Medium,Open,Reporter 5,Assignee 14,2024-07-01 08:34:00,2026-04-20 04:52:05.816519,153,10,Critical,Finance,Steps to resolve Critical Issues Not Detected in Last Penetration Test,62122.419327630094,KPI,User_65,2024-07-01 12:24:00,file_access,USA,Unknown,663,111,72.00420634542928,487.08871294839525,66.41847273249287,16108.46322304689,6.6,Medium,Routine Monitoring | Limit Data Transfer,1
ISSUE-0961,KEY-0961,Critical Issues Not Detected in Last Penetration Test,1,Penetration Testing Effectiveness,High,Open,Reporter 6,Assignee 1,2023-03-14 23:57:00,2026-01-13 04:52:05.816519,85,10,Critical,Finance,Steps to resolve Critical Issues Not Detected in Last Penetration Test,87335.97219563505,KPI,User_23,2023-03-15 19:13:00,file_access,CN,AU,2150,125,72.8137299519343,678.3996789870074,78.05175522355107,30216.78134554049,7.35,High,Restrict User Activity & Monitor Logs | Lock Account & Alert | Limit Data Transfer,1
ISSUE-0962,KEY-0962,Spike in Unauthorized Access Attempts,1,Unauthorized Access,High,In Progress,Reporter 6,Assignee 5,2023-05-02 23:59:00,2025-12-06 04:52:05.816519,50,10,Critical,External Contractors,Steps to resolve Spike in Unauthorized Access Attempts,122060.93825260125,KRI,User_67,2023-05-03 23:01:00,file_access,DE,UK,7938,113,28.321226550210298,6.119906251538398,100.0,87332.60162833237,7.3,High,Restrict User Activity & Monitor Logs | Lock Account & Alert,1
ISSUE-0963,KEY-0963,Weak Access Controls on Critical Cloud Resources,1,Cloud Security Posture,High,Closed,Reporter 4,Assignee 20,2024-08-29 06:40:00,2024-12-03 06:40:00.000000,96,10,Critical,Legal,Steps to resolve Weak Access Controls on Critical Cloud Resources,37480.794640925174,KRI,User_15,2024-08-29 23:13:00,data_modification,Unknown,AU,11913,102,50.802156032114546,6589.06253598335,100.0,127292.89585760365,7.5,High,Restrict User Activity & Monitor Logs | Lock Account & Alert | Limit Data Transfer,1
ISSUE-0964,KEY-0964,Unusual Data Transfer Volumes Detected,1,Data Breach,Critical,Closed,Reporter 1,Assignee 6,2025-06-19 03:44:00,2025-08-16 03:44:00.000000,58,10,Critical,External Contractors,Steps to resolve Unusual Data Transfer Volumes Detected,216397.91736177597,KRI,User_19,2025-06-20 00:54:00,data_modification,FR,EU,56,111,56.05869305328855,2619.133305429207,66.81497232042216,8582.238400161395,7.699999999999999,High,Escalate to SOC & Restrict Critical System Access | Lock Account & Alert | Limit Data Transfer,1
ISSUE-0965,KEY-0965,Unassessed High-Risk Areas,1,Risk Assessment Coverage,Medium,Open,Reporter 6,Assignee 17,2023-10-28 15:45:00,2026-04-09 04:52:05.816519,43,10,Critical,C-Suite Executives,Steps to resolve Unassessed High-Risk Areas,55789.92622277819,KPI,User_38,2023-10-29 11:59:00,data_modification,CANADA,UK,961,143,84.40627171546998,1000.038721494974,82.11561748219411,14557.558561000058,6.6,Medium,Routine Monitoring | Limit Data Transfer,1
ISSUE-0966,KEY-0966,Unassessed High-Risk Areas,1,Risk Assessment Coverage,Medium,Open,Reporter 4,Assignee 1,2025-02-15 22:44:00,2025-12-10 04:52:05.816519,87,10,Critical,External Contractors,Steps to resolve Unassessed High-Risk Areas,33114.89976550528,KPI,User_13,2025-02-16 00:59:00,file_access,FR,UK,1435,111,42.126593803693524,758.9670740142424,94.12467403383516,19886.028543809025,6.75,Medium,Routine Monitoring | Limit Data Transfer,1
ISSUE-0967,KEY-0967,Multiple Unauthorized Access Attempts Detected,1,Access Control,Critical,Open,Reporter 8,Assignee 16,2023-02-28 23:12:00,2026-03-30 04:52:05.816519,42,10,Critical,Legal,Steps to resolve Multiple Unauthorized Access Attempts Detected,74322.3780623148,KPI,User_82,2023-03-01 18:47:00,login,AU,CN,205,23,45.17269987753607,22.77219284970105,61.62829654960868,10223.146347989727,7.6499999999999995,High,Escalate to SOC & Restrict Critical System Access | Lock Account & Alert,1
ISSUE-0968,KEY-0968,High-Volume Distributed Denial-of-Service Attack from Multiple Sources,1,DDOS,High,Open,Reporter 5,Assignee 5,2025-05-30 02:11:00,2026-04-08 04:52:05.816519,245,10,Critical,C-Suite Executives,Steps to resolve High-Volume Distributed Denial-of-Service Attack from Multiple Sources,81797.63405523132,KRI,User_7,2025-05-30 08:18:00,file_access,JP,DE,6072,62,36.01300442958662,344.45051846977304,100.0,68915.05459739522,7.5,High,Restrict User Activity & Monitor Logs | Lock Account & Alert | Limit Data Transfer,1
ISSUE-0969,KEY-0969,Unanticipated Increase in Risk Exposure,1,Risk Exposure,Critical,Resolved,Reporter 7,Assignee 2,2023-04-29 21:36:00,2024-07-21 21:36:00.000000,449,10,Critical,HR,Steps to resolve Unanticipated Increase in Risk Exposure,99118.21317464094,KRI,User_25,2023-04-29 21:52:00,login,FR,USA,412,26,44.96318487333002,30.201939664872153,64.8823757363104,13688.354417902327,7.6499999999999995,High,Escalate to SOC & Restrict Critical System Access | Lock Account & Alert,1
ISSUE-0970,KEY-0970,Multiple Unauthorized Access Attempts Detected,1,Access Control,Critical,Closed,Reporter 4,Assignee 4,2025-01-30 22:56:00,2025-03-06 22:56:00.000000,35,10,Critical,IT,Steps to resolve Multiple Unauthorized Access Attempts Detected,137077.51727110782,KPI,User_66,2025-01-31 07:42:00,data_modification,AU,IN,4238,175,60.23568182838743,533.0792510976498,88.6219241826243,50038.0452992586,8.0,High,Escalate to SOC & Restrict Critical System Access | Lock Account & Alert | Limit Data Transfer,1
ISSUE-0971,KEY-0971,Spike in Unauthorized Access Attempts,1,Unauthorized Access,High,Resolved,Reporter 10,Assignee 13,2024-10-10 18:48:00,2024-10-31 18:48:00.000000,21,10,Critical,Sales,Steps to resolve Spike in Unauthorized Access Attempts,209931.46139701756,KRI,User_92,2024-10-11 15:06:00,file_access,EU,UK,2599,103,54.609845305563304,9.093568521041007,95.42052626484443,32201.644424907638,7.3,High,Restrict User Activity & Monitor Logs | Lock Account & Alert,1
ISSUE-0972,KEY-0972,Spike in Unauthorized Access Attempts,1,Unauthorized Access,Critical,In Progress,Reporter 4,Assignee 14,2024-12-09 01:33:00,2025-12-21 04:52:05.816519,177,10,Critical,Operations,Steps to resolve Spike in Unauthorized Access Attempts,359354.8192238293,KRI,User_10,2024-12-09 05:24:00,data_modification,CANADA,USA,5260,145,73.29617556129733,6026.581971175725,79.2009130474551,58454.3651321864,7.85,High,Escalate to SOC & Restrict Critical System Access | Lock Account & Alert | Limit Data Transfer,1
ISSUE-0973,KEY-0973,Malware Detected in Core System Components,1,Malware,Critical,In Progress,Reporter 2,Assignee 12,2025-05-23 06:53:00,2025-12-13 04:52:05.816519,138,10,Critical,Operations,Steps to resolve Malware Detected in Core System Components,302172.8130947376,KRI,User_17,2025-05-24 01:16:00,login,UK,AU,559,43,70.92365393998732,142.19379138121917,34.69014082639103,14040.18682714744,7.7,High,Escalate to SOC & Restrict Critical System Access | Lock Account & Alert | Limit Data Transfer,1
ISSUE-0974,KEY-0974,Lack of Updated Risk Management Procedures,1,Risk Management Maturity,High,Open,Reporter 2,Assignee 14,2024-10-05 04:36:00,2025-12-05 04:52:05.816519,156,10,Critical,Legal,Steps to resolve Lack of Updated Risk Management Procedures,37278.24852481834,KPI,User_40,2024-10-05 12:03:00,data_modification,IN,AU,855,139,42.29377608807429,11303.463806468677,50.36007446789842,20674.521637797843,7.2,High,Restrict User Activity & Monitor Logs | Lock Account & Alert | Limit Data Transfer,1
ISSUE-0975,KEY-0975,Multiple Unauthorized Access Attempts Detected,1,Access Control,High,Closed,Reporter 7,Assignee 15,2025-01-20 23:56:00,2025-03-27 23:56:00.000000,66,10,Critical,Sales,Steps to resolve Multiple Unauthorized Access Attempts Detected,86317.36807255773,KPI,User_95,2025-01-21 11:07:00,data_modification,USA,CANADA,6503,152,66.96922203836834,1094.370941448532,57.7609092957445,71041.74141885998,7.2,High,Restrict User Activity & Monitor Logs | Lock Account & Alert | Limit Data Transfer,1
ISSUE-0976,KEY-0976,Weak Access Controls on Critical Cloud Resources,1,Cloud Security Posture,Critical,Closed,Reporter 3,Assignee 18,2025-01-29 12:49:00,2025-05-24 12:49:00.000000,115,10,Critical,C-Suite Executives,Steps to resolve Weak Access Controls on Critical Cloud Resources,145745.41126882343,KRI,User_95,2025-01-30 05:54:00,file_access,IN,AU,5855,142,85.04483401577109,324691.4952424089,92.91847824461561,64320.466703874095,8.0,High,Escalate to SOC & Restrict Critical System Access | Lock Account & Alert | Limit Data Transfer,1
ISSUE-0977,KEY-0977,Ineffective Access Controls in High-Sensitivity Areas,1,Control Effectiveness,High,Resolved,Reporter 5,Assignee 19,2023-06-29 19:09:00,2023-09-18 19:09:00.000000,81,10,Critical,Legal,Steps to resolve Ineffective Access Controls in High-Sensitivity Areas,42545.067907059485,KPI,User_59,2023-06-30 13:47:00,file_access,CN,Unknown,2970,191,54.31954329816941,13412.226817302686,98.71426564747362,34482.856573609664,7.5,High,Restrict User Activity & Monitor Logs | Lock Account & Alert | Limit Data Transfer,1
ISSUE-0978,KEY-0978,Delayed Patching of Critical Vulnerabilities,1,Vulnerability Remediation,Critical,In Progress,Reporter 8,Assignee 7,2023-02-08 00:48:00,2026-03-08 04:52:05.816519,50,10,Critical,HR,Steps to resolve Delayed Patching of Critical Vulnerabilities,95461.05350856904,KPI,User_2,2023-02-08 09:14:00,data_modification,USA,JP,826,144,67.13131117442971,1866.8382625393144,43.46725463632867,17543.67733646412,7.7,High,Escalate to SOC & Restrict Critical System Access | Lock Account & Alert | Limit Data Transfer,1
ISSUE-0979,KEY-0979,Malware Detected in Core System Components,1,Malware,Critical,Open,Reporter 6,Assignee 15,2025-06-15 03:56:00,2026-05-20 04:52:05.816519,157,10,Critical,C-Suite Executives,Steps to resolve Malware Detected in Core System Components,295305.197954794,KRI,User_93,2025-06-15 11:14:00,data_modification,EU,DE,26651,105,54.917904815888484,1223.7163446723268,100.0,273981.3791892643,8.0,High,Escalate to SOC & Restrict Critical System Access | Lock Account & Alert | Limit Data Transfer,1
ISSUE-0980,KEY-0980,Unusual Data Transfer Volumes Detected,1,Data Breach,High,In Progress,Reporter 10,Assignee 11,2024-11-29 01:33:00,2026-03-13 04:52:05.816519,146,10,Critical,Sales,Steps to resolve Unusual Data Transfer Volumes Detected,242240.02688711463,KRI,User_19,2024-11-29 07:25:00,file_access,JP,IN,4771,132,63.69448509877271,287.3511235852451,90.92728403799698,55269.28942243192,7.5,High,Restrict User Activity & Monitor Logs | Lock Account & Alert | Limit Data Transfer,1
ISSUE-0981,KEY-0981,Malware Detected in Core System Components,1,Malware,Critical,Open,Reporter 6,Assignee 11,2024-02-23 03:01:00,2026-02-20 04:52:05.816519,360,10,Critical,Legal,Steps to resolve Malware Detected in Core System Components,129471.41633972687,KRI,User_8,2024-02-23 09:56:00,file_access,Unknown,CN,453,109,25.108858203294403,1467.5731882674822,70.90732410523078,12564.439589261628,7.85,High,Escalate to SOC & Restrict Critical System Access | Lock Account & Alert | Limit Data Transfer,1
ISSUE-0982,KEY-0982,Delayed Patching of Critical Vulnerabilities,1,Vulnerability Remediation,Critical,In Progress,Reporter 7,Assignee 10,2024-07-01 02:55:00,2026-01-04 04:52:05.816519,353,10,Critical,HR,Steps to resolve Delayed Patching of Critical Vulnerabilities,99883.67738600563,KPI,User_60,2024-07-01 15:32:00,file_access,CN,UK,1658,173,60.93576602202145,392.59224840965453,98.77251711247033,24909.86687399551,8.0,High,Escalate to SOC & Restrict Critical System Access | Lock Account & Alert | Limit Data Transfer,1
ISSUE-0983,KEY-0983,Potential Non-Compliance Detected in Sensitive Data Handling,1,Legal Compliance,Critical,In Progress,Reporter 3,Assignee 14,2024-04-21 06:56:00,2025-12-11 04:52:05.816519,295,10,Critical,Finance,Steps to resolve Potential Non-Compliance Detected in Sensitive Data Handling,156283.459909025,KRI,User_64,2024-04-21 19:58:00,file_access,DE,AU,5839,109,51.975520119161686,129.1576722633645,99.66868345402744,65845.10997433821,8.0,High,Escalate to SOC & Restrict Critical System Access | Lock Account & Alert | Limit Data Transfer,1
ISSUE-0984,KEY-0984,High Frequency of Policy Violations,1,Management Oversight,Critical,Open,Reporter 2,Assignee 18,2024-04-24 06:24:00,2026-04-03 04:52:05.816519,302,10,Critical,Finance,Steps to resolve High Frequency of Policy Violations,146624.36520647944,KPI,User_79,2024-04-24 21:10:00,file_access,DE,IN,6540,172,72.61738053646253,773.0182294891113,88.21165231257828,70904.70118110202,8.0,High,Escalate to SOC & Restrict Critical System Access | Lock Account & Alert | Limit Data Transfer,1
ISSUE-0985,KEY-0985,Sudden Increase in Unfiltered Traffic,1,Network Security,Critical,Open,Reporter 3,Assignee 17,2023-02-01 05:51:00,2026-03-23 04:52:05.816519,57,10,Critical,Finance,Steps to resolve Sudden Increase in Unfiltered Traffic,154788.05611061346,KPI,User_91,2023-02-01 06:00:00,data_modification,IN,CANADA,2457,96,74.13950393133948,1017.2939956976531,88.1567809224519,30456.8942795576,8.0,High,Escalate to SOC & Restrict Critical System Access | Lock Account & Alert | Limit Data Transfer,1
ISSUE-0986,KEY-0986,Delayed Patching of Critical Vulnerabilities,1,Vulnerability Remediation,High,Resolved,Reporter 4,Assignee 8,2024-03-13 23:40:00,2024-05-14 23:40:00.000000,62,10,Critical,Finance,Steps to resolve Delayed Patching of Critical Vulnerabilities,91248.9402195967,KPI,User_31,2024-03-14 04:40:00,login,UK,FR,509,29,61.584625274964154,125.50449407507234,63.48101082249769,10677.554059264641,7.35,High,Restrict User Activity & Monitor Logs | Lock Account & Alert | Limit Data Transfer,1
ISSUE-0987,KEY-0987,Newly Discovered Vulnerabilities in Core Systems,1,System Vulnerability,Medium,Closed,Reporter 4,Assignee 5,2023-06-08 23:45:00,2023-09-18 23:45:00.000000,102,10,Critical,Finance,Steps to resolve Newly Discovered Vulnerabilities in Core Systems,50987.87244114229,KPI,User_62,2023-06-09 02:23:00,data_modification,EU,CANADA,3565,113,72.66958992528494,193.32700512732868,72.6806687888712,41570.93585760453,6.6,Medium,Routine Monitoring | Limit Data Transfer,1
ISSUE-0988,KEY-0988,Newly Discovered Vulnerabilities in Core Systems,1,System Vulnerability,High,Open,Reporter 7,Assignee 20,2024-07-14 00:14:00,2026-04-12 04:52:05.816519,171,10,Critical,C-Suite Executives,Steps to resolve Newly Discovered Vulnerabilities in Core Systems,88277.82478620253,KPI,User_30,2024-07-14 22:00:00,data_modification,DE,IN,137,70,41.69593750994362,98.28502739193713,74.60547312152214,7927.589995853471,7.1,High,Restrict User Activity & Monitor Logs | Lock Account & Alert,1
ISSUE-0989,KEY-0989,Ineffective Access Controls in High-Sensitivity Areas,1,Control Effectiveness,Critical,Open,Reporter 9,Assignee 7,2024-08-01 22:47:00,2026-03-30 04:52:05.816519,431,10,Critical,External Contractors,Steps to resolve Ineffective Access Controls in High-Sensitivity Areas,75009.26114617736,KPI,User_58,2024-08-02 19:20:00,login,CN,EU,1006,46,42.77870328088924,5.280434887976913,69.86316869808755,17200.22034127577,7.6499999999999995,High,Escalate to SOC & Restrict Critical System Access | Lock Account & Alert,1
ISSUE-0990,KEY-0990,Malware Detected in Core System Components,1,Malware,Critical,Closed,Reporter 6,Assignee 13,2023-11-14 01:34:00,2024-02-01 01:34:00.000000,79,10,Critical,Sales,Steps to resolve Malware Detected in Core System Components,311843.56219842564,KRI,User_51,2023-11-14 23:26:00,data_modification,UK,IN,4097,82,56.01996178694602,124.07151381817043,85.200879746572,49712.14083127056,8.0,High,Escalate to SOC & Restrict Critical System Access | Lock Account & Alert | Limit Data Transfer,1
ISSUE-0991,KEY-0991,Multiple Unauthorized Access Attempts Detected,1,Access Control,Medium,Open,Reporter 2,Assignee 13,2023-04-09 17:50:00,2026-05-14 04:52:05.816519,132,10,Critical,IT,Steps to resolve Multiple Unauthorized Access Attempts Detected,49861.46149858301,KPI,User_92,2023-04-09 21:32:00,data_modification,EU,JP,1066,91,56.08627807968308,2393.390769503693,58.50852701932826,13140.462834943868,6.45,Medium,Routine Monitoring | Limit Data Transfer,1
ISSUE-0992,KEY-0992,Delayed Patching of Critical Vulnerabilities,1,Vulnerability Remediation,High,In Progress,Reporter 7,Assignee 4,2024-06-29 22:09:00,2026-04-10 04:52:05.816519,138,10,Critical,IT,Steps to resolve Delayed Patching of Critical Vulnerabilities,84834.45842789157,KPI,User_84,2024-06-29 23:43:00,data_modification,CANADA,Unknown,1087,110,54.17823859711501,18389.079597619377,72.24157325144667,18127.410011721808,7.35,High,Restrict User Activity & Monitor Logs | Lock Account & Alert | Limit Data Transfer,1
ISSUE-0993,KEY-0993,Weak Access Controls on Critical Cloud Resources,1,Cloud Security Posture,Medium,In Progress,Reporter 3,Assignee 6,2024-09-08 02:47:00,2025-12-16 04:52:05.816519,99,10,Critical,External Contractors,Steps to resolve Weak Access Controls on Critical Cloud Resources,29483.45135118143,KRI,User_41,2024-09-09 01:38:00,data_modification,AU,JP,2220,158,34.00546630615672,13.91209735615313,53.82436829835642,27521.157181572064,6.25,Medium,Routine Monitoring,1
ISSUE-0994,KEY-0994,High Frequency of Policy Violations,1,Management Oversight,High,Resolved,Reporter 3,Assignee 10,2025-06-04 18:05:00,2025-08-21 18:05:00.000000,78,10,Critical,IT,Steps to resolve High Frequency of Policy Violations,92971.79158386169,KPI,User_15,2025-06-04 22:39:00,data_modification,IN,Unknown,453,105,63.24521063145914,24913.461990261563,66.48404931128756,13402.860904729532,7.35,High,Restrict User Activity & Monitor Logs | Lock Account & Alert | Limit Data Transfer,1
ISSUE-0995,KEY-0995,Critical Issues Not Detected in Last Penetration Test,1,Penetration Testing Effectiveness,High,In Progress,Reporter 7,Assignee 18,2025-07-10 01:00:00,2026-03-31 04:52:05.816519,168,10,Critical,IT,Steps to resolve Critical Issues Not Detected in Last Penetration Test,84147.69931446765,KPI,User_56,2025-07-10 01:04:00,login,CN,UK,231,22,61.891492945353576,20.33849597711196,43.47466327312229,11139.056451816456,7.0,High,Restrict User Activity & Monitor Logs | Lock Account & Alert,1
ISSUE-0996,KEY-0996,Malware Detected in Core System Components,1,Malware,High,In Progress,Reporter 7,Assignee 5,2024-03-04 02:17:00,2026-01-18 04:52:05.816519,225,10,Critical,External Contractors,Steps to resolve Malware Detected in Core System Components,95022.5769065822,KRI,User_10,2024-03-04 11:17:00,file_access,EU,CN,171,194,46.23742611942706,116.52264638383387,60.10938596953355,5982.24235460312,7.05,High,Restrict User Activity & Monitor Logs | Lock Account & Alert | Limit Data Transfer,1
ISSUE-0997,KEY-0997,Critical Issues Not Detected in Last Penetration Test,1,Penetration Testing Effectiveness,Critical,Resolved,Reporter 7,Assignee 3,2024-11-12 05:33:00,2025-01-13 05:33:00.000000,62,10,Critical,IT,Steps to resolve Critical Issues Not Detected in Last Penetration Test,135740.38446586294,KPI,User_11,2024-11-12 08:29:00,file_access,IN,Unknown,5238,155,45.60908053826716,274.5863285480925,97.45909759449196,62046.11060725447,8.0,High,Escalate to SOC & Restrict Critical System Access | Lock Account & Alert | Limit Data Transfer,1
ISSUE-0998,KEY-0998,Critical Issues Not Detected in Last Penetration Test,1,Penetration Testing Effectiveness,Critical,Closed,Reporter 2,Assignee 16,2025-02-25 22:09:00,2025-06-27 22:09:00.000000,122,10,Critical,C-Suite Executives,Steps to resolve Critical Issues Not Detected in Last Penetration Test,136711.89965347113,KPI,User_38,2025-02-25 23:47:00,file_access,DE,UK,4030,162,82.40627171546998,4350.143828863401,91.81012323980197,47850.8583209876,8.0,High,Escalate to SOC & Restrict Critical System Access | Lock Account & Alert | Limit Data Transfer,1
ISSUE-0999,KEY-0999,Significant Number of Untracked Devices,1,Asset Inventory Accuracy,Critical,Resolved,Reporter 5,Assignee 19,2023-10-17 02:35:00,2024-01-17 02:35:00.000000,92,10,Critical,C-Suite Executives,Steps to resolve Significant Number of Untracked Devices,142267.5141922326,KPI,User_42,2023-10-17 07:19:00,data_modification,Unknown,EU,961,123,77.2081155170581,1473.4274994131895,63.460561824182776,15954.667696017264,7.85,High,Escalate to SOC & Restrict Critical System Access | Lock Account & Alert | Limit Data Transfer,1
ISSUE-1000,KEY-1000,Newly Discovered Vulnerabilities in Core Systems,1,System Vulnerability,High,Closed,Reporter 6,Assignee 1,2025-05-05 05:22:00,2025-11-14 05:22:00.000000,193,10,Critical,IT,Steps to resolve Newly Discovered Vulnerabilities in Core Systems,82505.71409795969,KPI,User_75,2025-05-05 22:44:00,login,UK,Unknown,3143,41,69.92266392559037,4.555999006685721,81.64247117133381,37141.05628078048,7.1499999999999995,High,Restrict User Activity & Monitor Logs | Lock Account & Alert,1
